{"RecId":null,"RecName":"VS01922v003-RKZN18","RecDescription":"Предоставление необходимой для уплаты информации 2.3.0","Content":"@{\r\n\tvar i=1;\r\n\tvar j=1;\r\n}\r\n@functions{\r\n\tpublic object GetAttributeValue(IDictionary<String, object> item, string attrName)\r\n\t{\r\n\t\treturn (item.ContainsKey(attrName)) ?\r\n\t\t\titem[attrName] : null;\r\n\t}\r\n\tpublic bool IsContainsKey(IDictionary<String, object> item, string attrName)\r\n\t\t{\r\n\t\t\treturn (item.ContainsKey(attrName));\r\n\t\t}\r\n}\r\n<ns0:ExportChargesRequest  xmlns:com=\"http://roskazna.ru/gisgmp/xsd/Common/2.3.0\" \r\n                            xmlns:org=\"http://roskazna.ru/gisgmp/xsd/Organization/2.3.0\" \r\n                            xmlns:sc=\"http://roskazna.ru/gisgmp/xsd/SearchConditions/2.3.0\" \r\n                            xmlns:chg=\"http://roskazna.ru/gisgmp/xsd/Charge/2.3.0\" \r\n                            xmlns:ns0=\"urn://roskazna.ru/gisgmp/xsd/services/export-charges/2.3.0\" \r\n                            xmlns:xsi=\"http://www.w3.org/2001/XMLSchema-instance\" \r\n\t\t\t\t\t\tId=\"@Model.form.Id\" \r\n\t\t\t\t\t\ttimestamp=\"@Model.form.timestamp.ToString(\"yyyy-MM-ddTHH:mm:ss.f\")\" \r\n\t\t\t\t\t\tsenderIdentifier=\"@Model.form.senderIdentifier\" \r\n\t\t\t\t\t\tsenderRole=\"@Model.form.senderRole\"\r\n\t\t\t\t\t\toriginatorId=\"@GetAttributeValue(Model.form, \"originatorId\")\"\r\n\t\t\t\t\t\texternal=\"@GetAttributeValue(Model.form, \"external\")\">\r\n\t@if(IsContainsKey(Model.form, \"pageNumber\"))\r\n\t{\t\t\r\n\t\t<com:Paging pageNumber=\"@Model.form.pageNumber\" pageLength=\"@Model.form.pageLength\"/>\r\n\t}\r\n\t@if(IsContainsKey(Model.form, \"EsiaUserInfo\"))\r\n\t{\r\n\t\t@foreach(var elem in Model.form.EsiaUserInfo)\r\n\t\t{\r\n\t\t<ns0:EsiaUserInfo userId=\"@elem.userId\" \r\n\t\t\t\t\t\tsessionIndex=\"@GetAttributeValue(elem, \"sessionIndex\")\" \r\n\t\t\t\t\t\tsessionDate=\"@GetAttributeValue(elem, \"sessionDate\")?.ToString(\"yyyy-MM-ddTHH:mm:ss.f\")\">\r\n\t\t\t@if(elem.EsiaUserInfoType==\"Person\")\r\n\t\t\t{\r\n\t\t\t\t<com:Person snils=\"@elem.snils\" \r\n\t\t\t\t\t\tpersonINN=\"@GetAttributeValue(elem, \"personINNP\")\">\r\n\t\t\t\t\t<com:DocumentIdentity code=\"@elem.code\" series=\"@GetAttributeValue(elem, \"series\")\" number=\"@elem.number\" />\r\n\t\t\t\t</com:Person>\r\n\t\t\t}\r\n\t\t\t@if(elem.EsiaUserInfoType==\"IndividualBusiness\")\r\n\t\t\t{\r\n\t\t\t\t<com:IndividualBusiness personINN=\"@elem.personINN\"/>\r\n\t\t\t}\r\n\t\t</ns0:EsiaUserInfo>\r\n\t\t}\r\n\t}\r\n\t<sc:ChargesExportConditions kind=\"@Model.form.kind\">\r\n\t@if(Model.form.requestType==\"ChargesConditions\")\r\n\t{\r\n\t\t<sc:ChargesConditions>\r\n\t\t@foreach(var elem in Model.form.SupplierBillID)\r\n\t\t{\r\n\t\t\t<sc:SupplierBillID>@elem</sc:SupplierBillID>\r\n\t\t}\r\n\t\t</sc:ChargesConditions>\r\n\t}\r\n\t@if(Model.form.requestType==\"PayersConditions\")\r\n\t{\r\n\t\t<sc:PayersConditions>\r\n\t\t\t@if(Model.form.PayersConditionsType==\"PayerInn\")\r\n\t\t\t{\r\n\t\t\t\t@foreach(var elem in Model.form.PayerInn)\r\n\t\t\t\t{\r\n\t\t\t\t\t<sc:PayerInn>@elem</sc:PayerInn>\r\n\t\t\t\t}\r\n\t\t\t}\r\n\t\t\t@if(Model.form.PayersConditionsType==\"PayerIdentifier\")\r\n\t\t\t{\r\n\t\t\t\t@foreach(var elem1 in Model.form.PayerIdentifier)\r\n\t\t\t\t{\r\n\t\t\t\t\t<sc:PayerIdentifier>@elem1</sc:PayerIdentifier>\r\n\t\t\t\t}\r\n\t\t\t}\r\n\t\t\t@if(Model.form.setDatePayers==\"Да\")\r\n\t\t\t{\r\n\t\t\t\t<com:TimeInterval startDate=\"@Model.form.startDatePayers.ToString(\"yyyy-MM-ddTHH:mm:ss.f\")\" endDate=\"@Model.form.endDatePayers.ToString(\"yyyy-MM-ddTHH:mm:ss.f\")\"/>\r\n\t\t\t}\r\n\t\t\t@if(IsContainsKey(Model.form, \"KBKPayers\"))\r\n\t\t\t{\r\n\t\t\t\t@foreach (var elem in Model.form.KBKPayers)\r\n\t\t\t\t{\r\n\t\t\t\t\ti++;\r\n\t\t\t\t}\r\n\t\t\t\t@if(i>1)\r\n\t\t\t\t{\r\n\t\t\t\t\t<com:KBKlist>\r\n\t\t\t\t\t\t@foreach(var elem in Model.form.KBKPayers)\r\n\t\t\t\t\t\t{\r\n\t\t\t\t\t\t\t<com:KBK>@elem</com:KBK>\r\n\t\t\t\t\t\t}\r\n\t\t\t\t\t</com:KBKlist>\r\n\t\t\t\t}\r\n\t\t\t}\r\n\t\t</sc:PayersConditions>\r\n\t}\r\n\t@if(Model.form.requestType==\"TimeConditions\")\r\n\t{\r\n\t\t<sc:TimeConditions>\r\n\t\t\t<com:TimeInterval startDate=\"@Model.form.startDate.ToString(\"yyyy-MM-ddTHH:mm:ss.f\")\" endDate=\"@Model.form.endDate.ToString(\"yyyy-MM-ddTHH:mm:ss.f\")\"/>\r\n\t\t\t@if(IsContainsKey(Model.form, \"BeneficiaryItem\"))\r\n\t\t\t{\r\n\t\t\t\t@foreach(var item in Model.form.BeneficiaryItem)\r\n\t\t\t\t{\r\n\t\t\t\t\t@if(IsContainsKey(item, \"kpp\"))\r\n\t\t\t\t\t{\r\n\t\t\t\t\t\t<sc:Beneficiary inn=\"@item.inn\" kpp=\"@item.kpp\"/>\r\n\t\t\t\t\t}\r\n\t\t\t\t\telse\r\n\t\t\t\t\t{\r\n\t\t\t\t\t\t<sc:Beneficiary inn=\"@item.inn\"/>\r\n\t\t\t\t\t}\r\n\t\t\t\t}\r\n\t\t\t}\r\n\t\t\t@if(IsContainsKey(Model.form, \"KBK\"))\r\n\t\t\t{\r\n\t\t\t\t@foreach (var elem in Model.form.KBK)\r\n\t\t\t\t{\r\n\t\t\t\t\tj++;\r\n\t\t\t\t}\r\n\t\t\t\t@if(j>1)\r\n\t\t\t\t{\r\n\t\t\t\t\t<com:KBKlist>\r\n\t\t\t\t\t\t@foreach(var elem in Model.form.KBK)\r\n\t\t\t\t\t\t{\r\n\t\t\t\t\t\t\t<com:KBK>@elem</com:KBK>\r\n\t\t\t\t\t\t}\r\n\t\t\t\t\t</com:KBKlist>\r\n\t\t\t\t}\r\n\t\t\t}\r\n\t\t</sc:TimeConditions>\r\n\t}\r\n\t</sc:ChargesExportConditions>\r\n</ns0:ExportChargesRequest>\r\n","TemplateSchema":"{\r\n\t\"definitions\": {\r\n\t\t\"EsiaUserInfo\":{\r\n\t\t\t\"type\":\"object\",\r\n\t\t\t\"properties\":{\r\n\t\t\t\t\"userId\":{\r\n\t\t\t\t\t\"type\":\"integer\",\r\n\t\t\t\t\t\"title\":\"Уникальный идентификатор учетной записи пользователя в системе ЕСИА\"\r\n\t\t\t\t},\r\n\t\t\t\t\"sessionIndex\":{\r\n\t\t\t\t\t\"type\":\"string\",\r\n\t\t\t\t\t\"title\":\"Уникальный идентификатор сессии пользователя в системе ЕСИА\",\r\n\t\t\t\t\t\"maxLength\":300\r\n\t\t\t\t},\r\n\t\t\t\t\"sessionDate\":{\r\n\t\t\t\t\t\"type\":\"string\",\r\n\t\t\t\t\t\"format\":\"date-time\",\r\n\t\t\t\t\t\"title\":\"Дата и время открытия сессии пользователя в системе ЕСИА\"\r\n\t\t\t\t},\r\n\t\t\t\t\"EsiaUserInfoType\":{\r\n\t\t\t\t\t\"type\":\"string\",\r\n\t\t\t\t\t\"title\":\"Тип пользователя\",\r\n\t\t\t\t\t\"anyOf\":[\r\n\t\t\t\t\t{\r\n\t\t\t\t\t\t\"type\":\"string\",\r\n\t\t\t\t\t\t\"enum\":[\"Person\"],\r\n\t\t\t\t\t\t\"title\":\"Физическое лицо\"\r\n\t\t\t\t\t},\r\n\t\t\t\t\t{\r\n\t\t\t\t\t\t\"type\":\"string\",\r\n\t\t\t\t\t\t\"enum\":[\"IndividualBusiness\"],\r\n\t\t\t\t\t\t\"title\":\"Индивидуальный предприниматель\"\r\n\t\t\t\t\t}\r\n\t\t\t\t\t]\r\n\t\t\t\t}\r\n\t\t\t},\r\n\t\t\t\"required\":[\r\n\t\t\t\t\"userId\",\r\n\t\t\t\t\"EsiaUserInfoType\"\r\n\t\t\t],\r\n\t\t\t\"dependencies\":{\r\n\t\t\t\t\"EsiaUserInfoType\":{\r\n\t\t\t\t\t\"oneOf\":[\r\n\t\t\t\t\t{\r\n\t\t\t\t\t\t\"properties\":{\r\n\t\t\t\t\t\t\t\"EsiaUserInfoType\":{\r\n\t\t\t\t\t\t\t\t\"enum\":[\"Person\"]\r\n\t\t\t\t\t\t\t},\r\n\t\t\t\t\t\t\t\"snils\":{\r\n\t\t\t\t\t\t\t\t\"type\":\"string\",\r\n\t\t\t\t\t\t\t\t\"title\":\"СНИЛС\",\r\n\t\t\t\t\t\t\t\t\"minLength\":11,\r\n\t\t\t\t\t\t\t\t\"maxLength\":11,\r\n\t\t\t\t\t\t\t\t\"pattern\":\"[0-9]{11}\"\r\n\t\t\t\t\t\t\t},\r\n\t\t\t\t\t\t\t\"personINNP\":{\r\n\t\t\t\t\t\t\t\t\"type\":\"string\",\r\n\t\t\t\t\t\t\t\t\"title\":\"ИНН\",\r\n\t\t\t\t\t\t\t\t\"minLength\":12,\r\n\t\t\t\t\t\t\t\t\"maxLength\":12,\r\n\t\t\t\t\t\t\t\t\"pattern\":\"[0-9]{12}\"\r\n\t\t\t\t\t\t\t},\r\n\t\t\t\t\t\t\t\"code\":{\r\n\t\t\t\t\t\t\t\t\"type\":\"string\",\r\n\t\t\t\t\t\t\t\t\"title\":\"Документ, удостоверяющий личность\",\r\n\t\t\t\t\t\t\t\t\"anyOf\":[\r\n\t\t\t\t\t\t\t\t{\r\n\t\t\t\t\t\t\t\t\t\"type\":\"string\",\r\n\t\t\t\t\t\t\t\t\t\"enum\":[\"1\"],\r\n\t\t\t\t\t\t\t\t\t\"title\":\"Паспорт гражданина РФ\"\r\n\t\t\t\t\t\t\t\t},\r\n\t\t\t\t\t\t\t\t{\r\n\t\t\t\t\t\t\t\t\t\"type\":\"string\",\r\n\t\t\t\t\t\t\t\t\t\"enum\":[\"2\"],\r\n\t\t\t\t\t\t\t\t\t\"title\":\"Документ иностранного гражданина\"\r\n\t\t\t\t\t\t\t\t}\r\n\t\t\t\t\t\t\t\t]\r\n\t\t\t\t\t\t\t},\r\n\t\t\t\t\t\t\t\"series\":{\r\n\t\t\t\t\t\t\t\t\"type\":\"string\",\r\n\t\t\t\t\t\t\t\t\"title\":\"Серия\",\r\n\t\t\t\t\t\t\t\t\"maxLength\":45\r\n\t\t\t\t\t\t\t},\r\n\t\t\t\t\t\t\t\"number\":{\r\n\t\t\t\t\t\t\t\t\"type\":\"string\",\r\n\t\t\t\t\t\t\t\t\"title\":\"Номер\",\r\n\t\t\t\t\t\t\t\t\"maxLength\":45\r\n\t\t\t\t\t\t\t}\r\n\t\t\t\t\t\t},\r\n\t\t\t\t\t\t\"required\":[\r\n\t\t\t\t\t\t\t\"snils\",\r\n\t\t\t\t\t\t\t\"code\",\r\n\t\t\t\t\t\t\t\"number\"\r\n\t\t\t\t\t\t]\r\n\t\t\t\t\t},\r\n\t\t\t\t\t{\r\n\t\t\t\t\t\t\"properties\":{\r\n\t\t\t\t\t\t\t\"EsiaUserInfoType\":{\r\n\t\t\t\t\t\t\t\t\"enum\":[\"IndividualBusiness\"]\r\n\t\t\t\t\t\t\t},\r\n\t\t\t\t\t\t\t\"personINN\":{\r\n\t\t\t\t\t\t\t\t\"type\":\"string\",\r\n\t\t\t\t\t\t\t\t\"title\":\"ИНН\",\r\n\t\t\t\t\t\t\t\t\"minLength\":12,\r\n\t\t\t\t\t\t\t\t\"maxLength\":12,\r\n\t\t\t\t\t\t\t\t\"pattern\":\"[0-9]{12}\"\r\n\t\t\t\t\t\t\t}\r\n\t\t\t\t\t\t},\r\n\t\t\t\t\t\t\"required\":[\r\n\t\t\t\t\t\t\t\"personINN\"\r\n\t\t\t\t\t\t]\r\n\t\t\t\t\t}\r\n\t\t\t\t\t]\r\n\t\t\t\t}\r\n\t\t\t}\r\n\t\t\t\r\n\t\t},\r\n\t\t\"BeneficiaryItem\": {\r\n\t\t\t\"type\": \"object\",\r\n\t\t\t\"properties\": {\r\n\t\t\t\t\"inn\": {\r\n\t\t\t\t\t\"type\": \"string\",\r\n\t\t\t\t\t\"title\":\"ИНН\",\r\n\t\t\t\t\t\"minLength\":10,\r\n\t\t\t\t\t\"maxLength\":10,\r\n\t\t\t\t\t\"pattern\": \"^([1-9][0-9]|[0-9][1-9])[0-9]{8}$\"\r\n\t\t\t\t},\r\n\t\t\t\t\"kpp\":{\r\n\t\t\t\t\t\"type\": \"string\",\r\n\t\t\t\t\t\"title\":\"КПП\",\r\n\t\t\t\t\t\"minLength\":9,\r\n\t\t\t\t\t\"maxLength\":9,\r\n\t\t\t\t\t\"pattern\": \"^([1-9][0-9]|[0-9][1-9])[0-9]{2}[A-Z0-9]{2}[0-9]{3}$\"\r\n\t\t\t\t}\r\n\t\t\t},\r\n\t\t\t\"required\": [\r\n\t\t\t\t\"inn\"\r\n\t\t\t]\r\n\t\t  },\r\n\t\t\r\n\t\t\"form\": {\r\n\t\t\t\"type\": \"object\",\r\n\t\t\t\"title\":\" \",\r\n\t\t\t\"properties\": {\r\n\t\t\t\t\"Id\": {\r\n\t\t\t\t\t\"type\": \"string\",\r\n\t\t\t\t\t\"title\":\"Идентификатор запроса\",\r\n\t\t\t\t\t\"maxLength\":50,\r\n\t\t\t\t\t\"pattern\":\"^[a-zA-Z_][a-zA-Z0-9_.-]*\"\r\n\t\t\t\t},\r\n\t\t\t\t\"timestamp\": {\r\n\t\t\t\t\t\"type\": \"string\",\r\n\t\t\t\t\t\"title\":\"Дата и время формирования запроса\",\r\n\t\t\t\t\t\"format\": \"date-time\"\r\n\t\t\t\t},\r\n\t\t\t\t\"senderIdentifier\": {\r\n\t\t\t\t\t\"type\": \"string\",\r\n\t\t\t\t\t\"title\":\"УРН участника-отправителя запроса\",\r\n\t\t\t\t\t\"pattern\": \"^[0-9a-fA-F]{6}$\"\r\n\t\t\t\t},\r\n\t\t\t\t\"senderRole\": {\r\n\t\t\t\t\t\"type\": \"string\",\r\n\t\t\t\t\t\"title\":\"Полномочие участника-отправителя сообщения, с которым происходит обращение к ГИС ГМП\",\r\n\t\t\t\t\t\"maxLength\":10,\r\n\t\t\t\t\t\"anyOf\":[\r\n\t\t\t\t\t{\r\n\t\t\t\t\t\t\"type\":\"string\",\r\n\t\t\t\t\t\t\"enum\":[\"1\"],\r\n\t\t\t\t\t\t\"title\":\"ГАН (главный администратор доходов бюджета)\"\r\n\t\t\t\t\t},\r\n\t\t\t\t\t{\r\n\t\t\t\t\t\t\"type\":\"string\",\r\n\t\t\t\t\t\t\"enum\":[\"2\"],\r\n\t\t\t\t\t\t\"title\":\"ГАН (орган государственной власти субъектов РФ (орган местного самоуправления))\"\r\n\t\t\t\t\t},\r\n\t\t\t\t\t{\r\n\t\t\t\t\t\t\"type\":\"string\",\r\n\t\t\t\t\t\t\"enum\":[\"3\"],\r\n\t\t\t\t\t\t\"title\":\"АН (администратор доходов бюджета, главный администратор доходов бюджета)\"\r\n\t\t\t\t\t},\r\n\t\t\t\t\t{\r\n\t\t\t\t\t\t\"type\":\"string\",\r\n\t\t\t\t\t\t\"enum\":[\"4\"],\r\n\t\t\t\t\t\t\"title\":\"АН (государственное (муниципальное) учреждение)\"\r\n\t\t\t\t\t},\r\n\t\t\t\t\t{\r\n\t\t\t\t\t\t\"type\":\"string\",\r\n\t\t\t\t\t\t\"enum\":[\"5\"],\r\n\t\t\t\t\t\t\"title\":\"ГАП (оператор по переводу денежных средств)\"\r\n\t\t\t\t\t},\r\n\t\t\t\t\t{\r\n\t\t\t\t\t\t\"type\":\"string\",\r\n\t\t\t\t\t\t\"enum\":[\"6\"],\r\n\t\t\t\t\t\t\"title\":\"ГАП (орган государственной власти субъектов РФ (орган местного самоуправления))\"\r\n\t\t\t\t\t},\r\n\t\t\t\t\t{\r\n\t\t\t\t\t\t\"type\":\"string\",\r\n\t\t\t\t\t\t\"enum\":[\"7 \"],\r\n\t\t\t\t\t\t\"title\":\"АП (оператор по переводу денежных средств);\"\r\n\t\t\t\t\t},\r\n\t\t\t\t\t{\r\n\t\t\t\t\t\t\"type\":\"string\",\r\n\t\t\t\t\t\t\"enum\":[\"8\"],\r\n\t\t\t\t\t\t\"title\":\"АП (организация почтовой связи);\"\r\n\t\t\t\t\t},\r\n\t\t\t\t\t{\r\n\t\t\t\t\t\t\"type\":\"string\",\r\n\t\t\t\t\t\t\"enum\":[\"9\"],\r\n\t\t\t\t\t\t\"title\":\"АП (финансовый орган);\"\r\n\t\t\t\t\t},\r\n\t\t\t\t\t{\r\n\t\t\t\t\t\t\"type\":\"string\",\r\n\t\t\t\t\t\t\"enum\":[\"10\"],\r\n\t\t\t\t\t\t\"title\":\"АП (местная администрация);\"\r\n\t\t\t\t\t},\r\n\t\t\t\t\t{\r\n\t\t\t\t\t\t\"type\":\"string\",\r\n\t\t\t\t\t\t\"enum\":[\"11\"],\r\n\t\t\t\t\t\t\"title\":\"АП (банковский платежный агент);\"\r\n\t\t\t\t\t},\r\n\t\t\t\t\t{\r\n\t\t\t\t\t\t\"type\":\"string\",\r\n\t\t\t\t\t\t\"enum\":[\"12\"],\r\n\t\t\t\t\t\t\"title\":\"АП (банковский платежный субагент);\"\r\n\t\t\t\t\t},\r\n\t\t\t\t\t{\r\n\t\t\t\t\t\t\"type\":\"string\",\r\n\t\t\t\t\t\t\"enum\":[\"13\"],\r\n\t\t\t\t\t\t\"title\":\"АП (платежный агент);\"\r\n\t\t\t\t\t},\r\n\t\t\t\t\t{\r\n\t\t\t\t\t\t\"type\":\"string\",\r\n\t\t\t\t\t\t\"enum\":[\"14\"],\r\n\t\t\t\t\t\t\"title\":\"АП (государственное (муниципальное) учреждение)\"\r\n\t\t\t\t\t},\r\n\t\t\t\t\t{\r\n\t\t\t\t\t\t\"type\":\"string\",\r\n\t\t\t\t\t\t\"enum\":[\"15\"],\r\n\t\t\t\t\t\t\"title\":\"ГАЗ (уполномоченный многофункциональный центр)\"\r\n\t\t\t\t\t},\r\n\t\t\t\t\t{\r\n\t\t\t\t\t\t\"type\":\"string\",\r\n\t\t\t\t\t\t\"enum\":[\"16\"],\r\n\t\t\t\t\t\t\"title\":\"ГАЗ (орган государственной власти субъекта РФ (орган местного самоуправления)\"\r\n\t\t\t\t\t},\r\n\t\t\t\t\t{\r\n\t\t\t\t\t\t\"type\":\"string\",\r\n\t\t\t\t\t\t\"enum\":[\"17\"],\r\n\t\t\t\t\t\t\"title\":\"АЗ (оператор единого портала)\"\r\n\t\t\t\t\t},\r\n\t\t\t\t\t{\r\n\t\t\t\t\t\t\"type\":\"string\",\r\n\t\t\t\t\t\t\"enum\":[\"18\"],\r\n\t\t\t\t\t\t\"title\":\"АЗ (оператор регионального портала)\"\r\n\t\t\t\t\t},\r\n\t\t\t\t\t{\r\n\t\t\t\t\t\t\"type\":\"string\",\r\n\t\t\t\t\t\t\"enum\":[\"19\"],\r\n\t\t\t\t\t\t\"title\":\"АЗ (многофункциональный центр)\"\r\n\t\t\t\t\t},\r\n\t\t\t\t\t{\r\n\t\t\t\t\t\t\"type\":\"string\",\r\n\t\t\t\t\t\t\"enum\":[\"20 \"],\r\n\t\t\t\t\t\t\"title\":\"АП (органы управления государственными внебюджетными фондами Российской Федерации)\"\r\n\t\t\t\t\t},\r\n\t\t\t\t\t{\r\n\t\t\t\t\t\t\"type\":\"string\",\r\n\t\t\t\t\t\t\"enum\":[\"22 \"],\r\n\t\t\t\t\t\t\"title\":\"АЗ (орган государственной власти (орган местного самоуправления))\"\r\n\t\t\t\t\t},\r\n\t\t\t\t\t{\r\n\t\t\t\t\t\t\"type\":\"string\",\r\n\t\t\t\t\t\t\"enum\":[\"23 \"],\r\n\t\t\t\t\t\t\"title\":\"АП (территориальный орган Федерального казначейства)\"\r\n\t\t\t\t\t},\r\n\t\t\t\t\t{\r\n\t\t\t\t\t\t\"type\":\"string\",\r\n\t\t\t\t\t\t\"enum\":[\"24\"],\r\n\t\t\t\t\t\t\"title\":\"ГАН (орган государственной власти)\"\r\n\t\t\t\t\t},\r\n\t\t\t\t\t{\r\n\t\t\t\t\t\t\"type\":\"string\",\r\n\t\t\t\t\t\t\"enum\":[\"25\"],\r\n\t\t\t\t\t\t\"title\":\"ГАН (оператор системы «Электронный бюджет»)\"\r\n\t\t\t\t\t},\r\n\t\t\t\t\t{\r\n\t\t\t\t\t\t\"type\":\"string\",\r\n\t\t\t\t\t\t\"enum\":[\"27\"],\r\n\t\t\t\t\t\t\"title\":\"АН (орган государственной власти)\"\r\n\t\t\t\t\t},\r\n\t\t\t\t\t{\r\n\t\t\t\t\t\t\"type\":\"string\",\r\n\t\t\t\t\t\t\"enum\":[\"28 \"],\r\n\t\t\t\t\t\t\"title\":\"ГАП (оператор системы «Электронный бюджет»)\"\r\n\t\t\t\t\t},\r\n\t\t\t\t\t{\r\n\t\t\t\t\t\t\"type\":\"string\",\r\n\t\t\t\t\t\t\"enum\":[\"31 \"],\r\n\t\t\t\t\t\t\"title\":\"ГАЗ (оператор системы «Электронный бюджет»)\"\r\n\t\t\t\t\t}\r\n\t\t\t\t\t]\r\n\t\t\t\t},\r\n\t\t\t\t\"originatorId\": {\r\n\t\t\t\t\t\"type\": \"string\",\r\n\t\t\t\t\t\"title\":\"УРН участника косвенного взаимодействия, сформировавшего запрос\",\r\n\t\t\t\t\t\"pattern\": \"^[0-9a-fA-F]{6}$\"\r\n\t\t\t\t},\r\n\t\t\t\t\"pageNumber\":{\r\n\t\t\t\t\t\"type\":\"integer\",\r\n\t\t\t\t\t\"title\":\"Номер страницы предоставления информации\",\r\n\t\t\t\t\t\"minimum\":1,\r\n\t\t\t\t\t\"maximum\":2147483647\r\n\t\t\t\t},\r\n\t\t\t\t\"pageLength\":{\r\n\t\t\t\t\t\"type\":\"integer\",\r\n\t\t\t\t\t\"title\":\"Количество элементов на странице предоставления информации\",\r\n\t\t\t\t\t\"minimum\":1,\r\n\t\t\t\t\t\"maximum\":2147483647\r\n\t\t\t\t},\r\n\t\t\t\t\"EsiaUserInfo\": {\r\n\t\t\t\t\t\"type\":\"array\",\r\n\t\t\t\t\t\"maxItems\":1,\r\n\t\t\t\t\t\"title\":\"Данные плательщика в ЕСИА\",\r\n\t\t\t\t\t\"items\": \r\n\t\t\t\t\t{\r\n\t\t\t\t\t\t\"$ref\": \"#/definitions/EsiaUserInfo\"\r\n\t\t\t\t\t}\r\n\t\t\t\t},\r\n\t\t\t\t\"kind\":{\r\n\t\t\t\t\t\"type\":\"string\",\r\n\t\t\t\t\t\"title\":\"Тип запроса\",\r\n\t\t\t\t\t\"anyOf\":[\r\n\t\t\t\t\t{\r\n\t\t\t\t\t\t\"type\":\"string\",\r\n\t\t\t\t\t\t\"enum\":[\"CHARGESTATUS\"],\r\n\t\t\t\t\t\t\"title\":\"Запрос начислений и статусов их квитирования\"\r\n\t\t\t\t\t},\r\n\t\t\t\t\t{\r\n\t\t\t\t\t\t\"type\":\"string\",\r\n\t\t\t\t\t\t\"enum\":[\"CHARGE-PRIOR-STATUS\"],\r\n\t\t\t\t\t\t\"title\":\"Запрос предварительных начислений и статусов их квитирования\"\r\n\t\t\t\t\t},\r\n\t\t\t\t\t{\r\n\t\t\t\t\t\t\"type\":\"string\",\r\n\t\t\t\t\t\t\"enum\":[\"MAINCHARGE\"],\r\n\t\t\t\t\t\t\"title\":\"Запрос связанных начислений\"\r\n\t\t\t\t\t}\r\n\t\t\t\t\t]\r\n\t\t\t\t},\r\n\t\t\t\t\"requestType\":{\r\n\t\t\t\t\t\"type\": \"string\",\r\n\t\t\t\t\t\"title\":\"Запрос информации\",\r\n\t\t\t\t\t\"anyOf\":[\r\n\t\t\t\t\t{\r\n\t\t\t\t\t\t\"type\":\"string\",\r\n\t\t\t\t\t\t\"enum\":[\"ChargesConditions\"],\r\n\t\t\t\t\t\t\"title\":\"По УИН\"\r\n\t\t\t\t\t},\r\n\t\t\t\t\t{\r\n\t\t\t\t\t\t\"type\":\"string\",\r\n\t\t\t\t\t\t\"enum\":[\"PayersConditions\"],\r\n\t\t\t\t\t\t\"title\":\"По идентификатору плательщика\"\r\n\t\t\t\t\t},\r\n\t\t\t\t\t{\r\n\t\t\t\t\t\t\"type\":\"string\",\r\n\t\t\t\t\t\t\"enum\":[\"TimeConditions\"],\r\n\t\t\t\t\t\t\"title\":\"За временной интервал\"\r\n\t\t\t\t\t}\r\n\t\t\t\t\t]\r\n\t\t\t\t},\r\n\t\t\t\t\"external\": {\r\n\t\t\t\t    \"type\": \"string\",\r\n\t\t\t\t\t\"title\":\"Признак предоставляемой информацииа\",\r\n\t\t\t\t\t\"maxLength\":1,\r\n\t\t\t\t\t\"pattern\":\"0|1\"\r\n\t\t\t\t}\r\n\t\t\t},\r\n\t\t\t\"required\": [\r\n\t\t\t\t\"Id\",\r\n\t\t\t\t\"timestamp\",\r\n\t\t\t\t\"senderIdentifier\",\r\n\t\t\t\t\"senderRole\",\r\n\t\t\t\t\"requestType\",\r\n\t\t\t\t\"kind\"\r\n\t\t\t],\r\n\t\t\t\"dependencies\":{\r\n\t\t\t\t\"requestType\":{\r\n\t\t\t\t\t\"oneOf\":[\r\n\t\t\t\t\t{\r\n\t\t\t\t\t\t\"properties\":{\r\n\t\t\t\t\t\t\t\"requestType\":{\r\n\t\t\t\t\t\t\t\t\"enum\":[\"ChargesConditions\"]\r\n\t\t\t\t\t\t\t},\r\n\t\t\t\t\t\t\t\"SupplierBillID\":{\r\n\t\t\t\t\t\t\t\t\"type\":\"array\",\r\n\t\t\t\t\t\t\t\t\"title\":\"Перечень УИН\",\r\n\t\t\t\t\t\t\t\t\"minItems\":1,\r\n\t\t\t\t\t\t\t\t\"maxItems\":100,\r\n\t\t\t\t\t\t\t\t\"items\": {\r\n\t\t\t\t\t\t\t\t\t\"type\": \"string\",\r\n\t\t\t\t\t\t\t\t\t\"title\":\"УИН\",\r\n\t\t\t\t\t\t\t\t\t\"minLength\":20,\r\n\t\t\t\t\t\t\t\t\t\"maxLength\":25,\r\n\t\t\t\t\t\t\t\t\t\"pattern\": \"(^[0-9a-fA-F_]{20})$|^([0-9]{25}$)\"\r\n\t\t\t\t\t\t\t\t}\r\n\t\t\t\t\t\t\t}\r\n\t\t\t\t\t\t},\r\n\t\t\t\t\t\t\"required\":[\r\n\t\t\t\t\t\t\t\"SupplierBillID\"\r\n\t\t\t\t\t\t]\r\n\t\t\t\t\t},\r\n\t\t\t\t\t{\r\n\t\t\t\t\t\t\"properties\":{\r\n\t\t\t\t\t\t\t\"requestType\":{\r\n\t\t\t\t\t\t\t\t\"enum\":[\"PayersConditions\"]\r\n\t\t\t\t\t\t\t},\r\n\t\t\t\t\t\t\t\"PayersConditionsType\":{\r\n\t\t\t\t\t\t\t\t\"type\":\"string\",\r\n\t\t\t\t\t\t\t\t\"title\":\"Запросить по\",\r\n\t\t\t\t\t\t\t\t\"anyOf\":[\r\n\t\t\t\t\t\t\t\t{\r\n\t\t\t\t\t\t\t\t\t\"type\":\"string\",\r\n\t\t\t\t\t\t\t\t\t\"enum\":[\"PayerInn\"],\r\n\t\t\t\t\t\t\t\t\t\"title\":\"ИНН юридического лица\"\r\n\t\t\t\t\t\t\t\t},\r\n\t\t\t\t\t\t\t\t{\r\n\t\t\t\t\t\t\t\t\t\"type\":\"string\",\r\n\t\t\t\t\t\t\t\t\t\"enum\":[\"PayerIdentifier\"],\r\n\t\t\t\t\t\t\t\t\t\"title\":\"Идентификатору плательщика\"\r\n\t\t\t\t\t\t\t\t}\r\n\t\t\t\t\t\t\t\t]\r\n\t\t\t\t\t\t\t},\r\n\t\t\t\t\t\t\t\"KBKPayers\":{\r\n\t\t\t\t\t\t\t\t\"type\": \"array\",\r\n\t\t\t\t\t\t\t\t\"title\":\"Перечень КБК\",\r\n\t\t\t\t\t\t\t\t\"maxItems\": 10,\r\n\t\t\t\t\t\t\t\t\"items\": {\r\n\t\t\t\t\t\t\t\t\t\"type\": \"string\",\r\n\t\t\t\t\t\t\t\t\t\"title\":\"КБК\",\r\n\t\t\t\t\t\t\t\t\t\"minLength\":20,\r\n\t\t\t\t\t\t\t\t\t\"maxLength\":20,\r\n\t\t\t\t\t\t\t\t\t\"pattern\": \"^[0-9a-zA-Zа-яА-Я]{20}$\"\r\n\t\t\t\t\t\t\t\t}\r\n\t\t\t\t\t\t\t},\r\n\t\t\t\t\t\t\t\"setDatePayers\":{\r\n\t\t\t\t\t\t\t\t\"type\": \"string\",\r\n\t\t\t\t\t\t\t\t\"title\":\"Указать временной период?\",\r\n\t\t\t\t\t\t\t\t\"enum\":[\"Нет\",\"Да\"]\r\n\t\t\t\t\t\t\t}\r\n\t\t\t\t\t\t},\r\n\t\t\t\t\t\t\"required\":[\r\n\t\t\t\t\t\t\t\"PayersConditionsType\",\r\n\t\t\t\t\t\t\t\"setDatePayers\"\r\n\t\t\t\t\t\t],\r\n\t\t\t\t\t\t\"dependencies\":{\r\n\t\t\t\t\t\t\t\"setDatePayers\":{\r\n\t\t\t\t\t\t\t\t\"oneOf\":[\r\n\t\t\t\t\t\t\t\t{\r\n\t\t\t\t\t\t\t\t\t\"properties\":{\r\n\t\t\t\t\t\t\t\t\t\t\"setDatePayers\":{\r\n\t\t\t\t\t\t\t\t\t\t\t\"enum\":[\"Да\"]\r\n\t\t\t\t\t\t\t\t\t\t},\r\n\t\t\t\t\t\t\t\t\t\t\"startDatePayers\":{\r\n\t\t\t\t\t\t\t\t\t\t\t\"type\": \"string\",\r\n\t\t\t\t\t\t\t\t\t\t\t\"title\":\"Начальная дата\",\r\n\t\t\t\t\t\t\t\t\t\t\t\"format\":\"date-time\"\r\n\t\t\t\t\t\t\t\t\t\t},\r\n\t\t\t\t\t\t\t\t\t\t\"endDatePayers\":{\r\n\t\t\t\t\t\t\t\t\t\t\t\"type\": \"string\",\r\n\t\t\t\t\t\t\t\t\t\t\t\"title\":\"Конечная дата\",\r\n\t\t\t\t\t\t\t\t\t\t\t\"format\":\"date-time\"\r\n\t\t\t\t\t\t\t\t\t\t}\r\n\t\t\t\t\t\t\t\t\t},\r\n\t\t\t\t\t\t\t\t\t\"required\":[\r\n\t\t\t\t\t\t\t\t\t\t\"startDatePayers\",\r\n\t\t\t\t\t\t\t\t\t\t\"endDatePayers\"\r\n\t\t\t\t\t\t\t\t\t]\r\n\t\t\t\t\t\t\t\t},\r\n\t\t\t\t\t\t\t\t{\r\n\t\t\t\t\t\t\t\t\t\"properties\":{\r\n\t\t\t\t\t\t\t\t\t\t\"setDatePayers\":{\r\n\t\t\t\t\t\t\t\t\t\t\t\"enum\":[\"Нет\"]\r\n\t\t\t\t\t\t\t\t\t\t}\r\n\t\t\t\t\t\t\t\t\t}\r\n\t\t\t\t\t\t\t\t}\r\n\t\t\t\t\t\t\t\t]\r\n\t\t\t\t\t\t\t},\r\n\t\t\t\t\t\t\t\"PayersConditionsType\":{\r\n\t\t\t\t\t\t\t\t\"oneOf\":[\r\n\t\t\t\t\t\t\t\t{\r\n\t\t\t\t\t\t\t\t\t\"properties\":{\r\n\t\t\t\t\t\t\t\t\t\t\"PayersConditionsType\":{\r\n\t\t\t\t\t\t\t\t\t\t\t\"enum\":[\"PayerInn\"]\r\n\t\t\t\t\t\t\t\t\t\t},\r\n\t\t\t\t\t\t\t\t\t\t\"PayerInn\":{\r\n\t\t\t\t\t\t\t\t\t\t\t\"type\": \"array\",\r\n\t\t\t\t\t\t\t\t\t\t\t\"minItems\": 1,\r\n\t\t\t\t\t\t\t\t\t\t\t\"maxItems\": 100,\r\n\t\t\t\t\t\t\t\t\t\t\t\"title\":\"Перечень ИНН юридических лиц\",\r\n\t\t\t\t\t\t\t\t\t\t\t\"items\": {\r\n\t\t\t\t\t\t\t\t\t\t\t\t\"type\": \"string\",\r\n\t\t\t\t\t\t\t\t\t\t\t\t\"title\":\"ИНН\",\r\n\t\t\t\t\t\t\t\t\t\t\t\t\"minLength\":10,\r\n\t\t\t\t\t\t\t\t\t\t\t\t\"maxLength\":10,\r\n\t\t\t\t\t\t\t\t\t\t\t\t\"pattern\": \"^(([1-9][0-9])|([0-9][1-9]))[0-9]{8}$\"\r\n\t\t\t\t\t\t\t\t\t\t\t}\r\n\t\t\t\t\t\t\t\t\t\t}\r\n\t\t\t\t\t\t\t\t\t},\r\n\t\t\t\t\t\t\t\t\t\"required\":[\r\n\t\t\t\t\t\t\t\t\t\t\"PayerInn\"\r\n\t\t\t\t\t\t\t\t\t]\r\n\t\t\t\t\t\t\t\t},\r\n\t\t\t\t\t\t\t\t{\r\n\t\t\t\t\t\t\t\t\t\"properties\":{\r\n\t\t\t\t\t\t\t\t\t\t\"PayersConditionsType\":{\r\n\t\t\t\t\t\t\t\t\t\t\t\"enum\":[\"PayerIdentifier\"]\r\n\t\t\t\t\t\t\t\t\t\t},\r\n\t\t\t\t\t\t\t\t\t\t\"PayerIdentifier\":{\r\n\t\t\t\t\t\t\t\t\t\t\t\"type\": \"array\",\r\n\t\t\t\t\t\t\t\t\t\t\t\"minItems\": 1,\r\n\t\t\t\t\t\t\t\t\t\t\t\"maxItems\": 100,\r\n\t\t\t\t\t\t\t\t\t\t\t\"title\":\"Перечень идентификаторов плательщика\",\r\n\t\t\t\t\t\t\t\t\t\t\t\"items\": {\r\n\t\t\t\t\t\t\t\t\t\t\t\t\"type\": \"string\",\r\n\t\t\t\t\t\t\t\t\t\t\t\t\"title\":\"Идентификатор плательщика\",\r\n\t\t\t\t\t\t\t\t\t\t\t\t\"minLength\":22,\r\n\t\t\t\t\t\t\t\t\t\t\t\t\"maxLength\":22,\r\n\t\t\t\t\t\t\t\t\t\t\t\t\"pattern\": \"^(1((0[1-9])|(1[0-5])|(2[12456789])|(3[0]))[0-9a-zA-Zа-яА-Я]{19})$|^(200[0-9]{14}[A-Z0-9]{2}[0-9]{3})$|^(300[0-9]{14}[A-Z0-9]{2}[0-9]{3}|3[0]{7}[0-9]{9}[A-Z0-9]{2}[0-9]{3})$|^(4[0]{9}[0-9]{12})$\"\r\n\t\t\t\t\t\t\t\t\t\t\t}\r\n\t\t\t\t\t\t\t\t\t\t}\r\n\t\t\t\t\t\t\t\t\t},\r\n\t\t\t\t\t\t\t\t\t\"required\":[\r\n\t\t\t\t\t\t\t\t\t\t\"PayerIdentifier\"\r\n\t\t\t\t\t\t\t\t\t]\r\n\t\t\t\t\t\t\t\t}\r\n\t\t\t\t\t\t\t\t]\r\n\t\t\t\t\t\t\t}\r\n\t\t\t\t\t\t\t\r\n\t\t\t\t\t\t}\r\n\t\t\t\t\t},\r\n\t\t\t\t\t{\r\n\t\t\t\t\t\t\"properties\":{\r\n\t\t\t\t\t\t\t\"requestType\":{\r\n\t\t\t\t\t\t\t\t\"enum\":[\"TimeConditions\"]\r\n\t\t\t\t\t\t\t},\r\n\t\t\t\t\t\t\t\"startDate\":{\r\n\t\t\t\t\t\t\t\t\"type\": \"string\",\r\n\t\t\t\t\t\t\t\t\"title\":\"Начальная дата\",\r\n\t\t\t\t\t\t\t\t\"format\":\"date-time\"\r\n\t\t\t\t\t\t\t},\r\n\t\t\t\t\t\t\t\"endDate\":{\r\n\t\t\t\t\t\t\t\t\"type\": \"string\",\r\n\t\t\t\t\t\t\t\t\"title\":\"Конечная дата\",\r\n\t\t\t\t\t\t\t\t\"format\":\"date-time\"\r\n\t\t\t\t\t\t\t},\r\n\t\t\t\t\t\t\t\"BeneficiaryItem\":{\r\n\t\t\t\t\t\t\t\t\"type\": \"array\",\r\n\t\t\t\t\t\t\t\t\"title\":\"Идентификация получателя средств\",\r\n\t\t\t\t\t\t\t\t\"maxItems\": 10,\r\n\t\t\t\t\t\t\t\t\"items\": {\r\n\t\t\t\t\t\t\t\t\t\"$ref\": \"#/definitions/BeneficiaryItem\"\r\n\t\t\t\t\t\t\t\t}\r\n\t\t\t\t\t\t\t},\r\n\t\t\t\t\t\t\t\"KBK\":{\r\n\t\t\t\t\t\t\t\t\"type\": \"array\",\r\n\t\t\t\t\t\t\t\t\"title\":\"Перечень КБК\",\r\n\t\t\t\t\t\t\t\t\"maxItems\": 10,\r\n\t\t\t\t\t\t\t\t\"items\": {\r\n\t\t\t\t\t\t\t\t\t\"type\": \"string\",\r\n\t\t\t\t\t\t\t\t\t\"title\":\"КБК\",\r\n\t\t\t\t\t\t\t\t\t\"minLength\":20,\r\n\t\t\t\t\t\t\t\t\t\"maxLength\":20,\r\n\t\t\t\t\t\t\t\t\t\"pattern\": \"^[0-9a-zA-Zа-яА-Я]{20}$\"\r\n\t\t\t\t\t\t\t\t}\r\n\t\t\t\t\t\t\t}\r\n\t\t\t\t\t\t},\r\n\t\t\t\t\t\t\"required\":[\r\n\t\t\t\t\t\t\t\"startDate\",\r\n\t\t\t\t\t\t\t\"endDate\"\r\n\t\t\t\t\t\t]\r\n\t\t\t\t\t}\r\n\t\t\t\t\t]\r\n\t\t\t\t},\r\n\t\t\t\t\"pageNumber\":[\"pageLength\"],\r\n\t\t\t\t\"pageLength\":[\"pageNumber\"]\t\r\n\t\t\t}\r\n\t\t}\r\n\t},\r\n\t\"type\": \"object\",\r\n\t\"title\":\"Предоставление необходимой для уплаты информации\",\r\n\t\"properties\": {\r\n\t\t\"converterName\": {\r\n\t\t\t\"type\": \"string\",\r\n\t\t\t\"default\": \"VS01922v003-RKZN18\"\r\n\t\t},\r\n\t\t\"form\": {\r\n\t\t\t\"$ref\": \"#/definitions/form\"\r\n\t\t}\r\n\t},\r\n\t\"required\": [\r\n\t\t\"converterName\"\r\n\t]\r\n}","IsSystem":false,"IsProviderResponse":false,"Transform":"","IsConverter":false,"IsConvertToFile":false,"FileType":null,"ReportName":"","UiSchem":"","XsdSchemas":null,"EndpointId":"cef004db-6426-4a9e-aa2d-d75d7c5a90d8","NamespaceUri":null,"RootElementLocalName":null,"Endpoint":null,"RequestXslt":"","IsInternalRequest":false,"RequestProp":"","RequestPropPath":"","AllowLocalRequest":false,"InternalRouteEndpointId":null}