{"RecId":null,"RecName":"VS01604v001-RKZN02","RecDescription":"Казначейство - Прием информации о возврате 2.1.1","Content":"@functions{\r\n\tpublic object GetAttributeValue(IDictionary<String, object> item, string attrName)\r\n\t{\r\n\t\treturn (item.ContainsKey(attrName)) ?\r\n\t\t\titem[attrName] : null;\r\n\t}\r\n\tpublic bool IsContainsKey(IDictionary<String, object> item, string attrName)\r\n\t\t{\r\n\t\t\treturn (item.ContainsKey(attrName));\r\n\t\t}\r\n}\r\n<ns0:ImportRefundsRequest xmlns:com=\"http://roskazna.ru/gisgmp/xsd/Common/2.1.1\"\r\n                          xmlns:pkg=\"http://roskazna.ru/gisgmp/xsd/Package/2.1.1\"\r\n                          xmlns:req=\"urn://roskazna.ru/gisgmp/services/import-refund/2.1.1\"\r\n                          xmlns:org=\"http://roskazna.ru/gisgmp/xsd/Organization/2.1.1\"\r\n                          xmlns:chg=\"http://roskazna.ru/gisgmp/xsd/Charge/2.1.1\"\r\n                          xmlns:pmnt=\"http://roskazna.ru/gisgmp/xsd/Payment/2.1.1\"\r\n                          xmlns:rfnd=\"http://roskazna.ru/gisgmp/xsd/Refund/2.1.1\"\r\n                          xmlns:ns0=\"urn://roskazna.ru/gisgmp/xsd/services/import-refunds/2.1.1\"\r\n                          Id=\"@Model.form.Id\"\r\n                          timestamp=\"@Model.form.timestamp.ToString(\"yyyy-MM-ddTHH:mm:ss.f\")\"\r\n                          senderIdentifier=\"@Model.form.senderIdentifier\"\r\n                          senderRole=\"@Model.form.senderRole\">\r\n\t<pkg:RefundsPackage>\r\n\t\t@if(Model.form.ImportedTypeData==\"ImportedRefund\")\r\n\t\t{\r\n\t\t\t@foreach(var item0 in Model.form.ImportedRefundItems)\r\n\t\t\t{\r\n\t\t\t\t<pkg:ImportedRefund originatorId=\"@GetAttributeValue(item0,\"originatorId\")\" \r\n\t\t\t\t\t\t\t\t\tId=\"@item0.ImportedRefundItemsId\" \r\n\t\t\t\t\t\t\t\t\trefundId=\"@item0.refundId\"\r\n\t\t\t\t\t\t\t\t\trefundDocDate=\"@item0.refundDocDate.ToString(\"yyyy-MM-ddTHH:mm:ss.f\")\"\r\n\t\t\t\t\t\t\t\t\tbudgetLevel=\"@item0.budgetLevel\"\r\n\t\t\t\t\t\t\t\t\tkbk=\"@GetAttributeValue(item0,\"kbk\")\"\r\n\t\t\t\t\t\t\t\t\toktmo=\"@GetAttributeValue(item0,\"oktmo\")\">\r\n\t\t\t\t\t<org:RefundPayer codeUBP=\"@item0.Payer.codeUBP\"\r\n\t\t\t\t\t\t\t\t\tname=\"@item0.Payer.payerName\"\r\n\t\t\t\t\t\t\t\t\tinn=\"@item0.Payer.inn\"\r\n\t\t\t\t\t\t\t\t\tkpp=\"@item0.Payer.kpp\"\r\n\t\t\t\t\t\t\t\t\togrn=\"@GetAttributeValue(item0.Payer,\"ogrn\")\"/>\r\n\t\t\t\t\t<rfnd:RefundApplication appNum=\"@item0.Application.appNum\"\r\n\t\t\t\t\t\t\t\t\t\t\tappDate=\"@item0.Application.appDate.ToString(\"yyyy-MM-dd\")\"\r\n\t\t\t\t\t\t\t\t\t\t\tpaymentId=\"@item0.Application.paymentId\"\r\n\t\t\t\t\t\t\t\t\t\t\tcashType=\"@item0.Application.cashType\"\r\n\t\t\t\t\t\t\t\t\t\t\tamount=\"@item0.Application.amount\"\r\n\t\t\t\t\t\t\t\t\t\t\tpurpose=\"@item0.Application.purpose\"/>\r\n\t\t\t\t\t<rfnd:RefundBasis docKind=\"@item0.Basis.docKind\"\r\n\t\t\t\t\t\t\t\t\tdocNumber=\"@item0.Basis.docNumber\"\r\n\t\t\t\t\t\t\t\t\tdocDate=\"@item0.Basis.docDate.ToString(\"yyyy-MM-dd\")\"/>\r\n\t\t\t\t\t<rfnd:RefundPayee payerIdentifier=\"@item0.Payee.payerIdentifier\"\r\n\t\t\t\t\t\t\t\t\tname=\"@item0.Payee.name\"\r\n\t\t\t\t\t\t\t\t\tkbk=\"@GetAttributeValue(item0.Payee,\"kbk\")\"\r\n\t\t\t\t\t\t\t\t\toktmo=\"@GetAttributeValue(item0.Payee,\"oktmo\")\">\r\n\t\t\t\t\t\t<rfnd:BankAccountNumber accountNumber=\"@GetAttributeValue(item0.Payee,\"accountNumber\")\">\r\n\t\t\t\t\t\t\t<com:Bank bik=\"@item0.Payee.bik\" \r\n\t\t\t\t\t\t\t\t\tcorrespondentBankAccount=\"@GetAttributeValue(item0.Payee,\"correspondentBankAccount\")\"\r\n\t\t\t\t\t\t\t\t\tname=\"@GetAttributeValue(item0.Payee,\"nameBank\")\"/>\r\n\t\t\t\t\t\t</rfnd:BankAccountNumber>\r\n\t\t\t\t\t\t@if(((IDictionary<String, object>)item0.Payee).ContainsKey(\"PayeeAccount\") && item0.Payee.PayeeAccount != null)\r\n\t\t\t\t\t\t{\r\n\t\t\t\t\t\t\t<rfnd:PayeeAccount>@item0.Payee.PayeeAccount</rfnd:PayeeAccount>\r\n\t\t\t\t\t\t}\r\n\t\t\t\t\t</rfnd:RefundPayee>\r\n\t\t\t\t</pkg:ImportedRefund>\r\n\t\t\t}\r\n\t\t}\r\n\t\t@if(@Model.form.ImportedTypeData==\"ImportedChange\")\r\n\t{\r\n\t\t@foreach(var item0 in Model.form.ImportedChangeItems)\r\n\t\t{\r\n\t\t\t<pkg:ImportedChange Id=\"@item0.ImportedChangeItemsId\"\r\n\t\t\t\t\t\t\t\toriginatorId=\"@GetAttributeValue(item0,\"originatorId\")\">\r\n\t\t\t<pkg:RefundId>@item0.RefundId</pkg:RefundId>\r\n\t\t\t@if(IsContainsKey(item0,\"Change\"))\r\n\t\t\t{\r\n\t\t\t\t@foreach(var item1 in item0.Change)\r\n\t\t\t\t{\r\n\t\t\t\t\t<pkg:Change fieldNum=\"@item1.fieldNum\">\r\n\t\t\t\t\t@foreach(var item2 in item1.ChangeValue)\r\n\t\t\t\t\t{\r\n\t\t\t\t\t\t<pkg:ChangeValue name=\"@GetAttributeValue(item2,\"name\")\"\r\n\t\t\t\t\t\t\t\t\t\tvalue=\"@item2.value\" />\r\n\t\t\t\t\t}\r\n\t\t\t\t\t</pkg:Change>\r\n\t\t\t\t}\r\n\t\t\t}\r\n\t\t\t<com:ChangeStatus>\r\n\t\t\t\t<com:Meaning>@item0.ChangeStatus.meaning</com:Meaning>\r\n\t\t\t\t<com:Reason>@item0.ChangeStatus.Reason</com:Reason>\r\n\t\t\t\t<com:ChangeDate>@item0.ChangeStatus.ChangeDate.ToString(\"yyyy-MM-ddTHH:mm:ss\")</com:ChangeDate>\r\n\t\t\t</com:ChangeStatus>\r\n\t\t</pkg:ImportedChange>\r\n\t\t}\r\n\t}\r\n\t</pkg:RefundsPackage>\r\n</ns0:ImportRefundsRequest>\r\n","TemplateSchema":"{\r\n\t\"definitions\": {\r\n\t\t\"ImportedRefundItems\": {\r\n\t\t\t\"type\": \"object\",\r\n\t\t\t\"properties\": {\r\n\t\t\t\t\"originatorId\": {\r\n\t\t\t\t\t\"type\": \"string\",\r\n\t\t\t\t\t\"title\":\"УРН участника косвенного взаимодействия, сформировавшего запрос\",\r\n\t\t\t\t\t\"minLength\":6,\r\n\t\t\t\t\t\"maxLength\":6,\r\n\t\t\t\t\t\"pattern\": \"^[0-9a-fA-F]{6}$\"\r\n\t\t\t\t},\r\n\t\t\t\t\"ImportedRefundItemsId\": {\r\n\t\t\t\t\t\"type\": \"string\",\r\n\t\t\t\t\t\"title\":\"Идентификатор начисления в пакете\",\r\n\t\t\t\t\t\"maxLength\":50,\r\n\t\t\t\t\t\"pattern\":\"^[a-zA-Z_][a-zA-Z0-9_.-]*\"\r\n\t\t\t\t},\r\n\t\t\t\t\"refundId\":{\r\n\t\t\t\t\t\"type\": \"string\",\r\n\t\t\t\t\t\"title\":\"УИН\",\r\n\t\t\t\t\t\"minLength\":25,\r\n\t\t\t\t\t\"maxLength\":25\r\n\t\t\t\t},\r\n\t\t\t\t\"refundDocDate\":{\r\n\t\t\t\t\t\"type\": \"string\",\r\n\t\t\t\t\t\"format\":\"date-time\",\r\n\t\t\t\t\t\"title\":\"Дата и время формирования извещения о возврате\"\r\n\t\t\t\t},\r\n\t\t\t\t\"budgetLevel\":{\r\n\t\t\t\t\t\"type\": \"string\",\r\n\t\t\t\t\t\"title\": \"Уровень бюджета\"\r\n\t\t\t\t},\r\n\t\t\t\t\"kbk\":{\r\n\t\t\t\t\t\"type\": \"string\",\r\n\t\t\t\t\t\"title\":\"КБК\",\r\n\t\t\t\t\t\"minLength\":20,\r\n\t\t\t\t\t\"maxLength\":20,\r\n\t\t\t\t\t\"pattern\": \"^[0-9a-zA-Zа-яА-Я]{20}$\"\r\n\t\t\t\t},\r\n\t\t\t\t\"oktmo\":{\r\n\t\t\t\t\t\"type\": \"string\",\r\n\t\t\t\t\t\"title\":\"ОКТМО\",\r\n\t\t\t\t\t\"minLength\":8,\r\n\t\t\t\t\t\"maxLength\":11,\r\n\t\t\t\t\t\"pattern\": \"^([0-9]{8})$|^([0-9]{11})$\"\r\n\t\t\t\t},\r\n\t\t\t\t\"Payee\":{\r\n\t\t\t\t\t\"$ref\": \"#/definitions/Payee\"\r\n\t\t\t\t},\r\n\t\t\t\t\"Payer\":{\r\n\t\t\t\t\t\"$ref\": \"#/definitions/Payer\"\r\n\t\t\t\t},\r\n\t\t\t\t\"Application\":{\r\n\t\t\t\t\t\"$ref\": \"#/definitions/Application\"\r\n\t\t\t\t},\r\n\t\t\t\t\"Basis\":{\r\n\t\t\t\t\t\"$ref\": \"#/definitions/Basis\"\r\n\t\t\t\t},\r\n\t\t\t\t\"AdditionalData\":{\r\n\t\t\t\t\t\"type\":\"array\",\r\n\t\t\t\t\t\"title\":\"Дополнительные поля начисления\",\r\n\t\t\t\t\t\"maxItems\":5,\r\n\t\t\t\t\t\"items\":\r\n\t\t\t\t\t{\r\n\t\t\t\t\t\t\"$ref\": \"#/definitions/AdditionalData\"\r\n\t\t\t\t\t}\r\n\t\t\t\t}\r\n\t\t\t},\r\n\t\t\t\"required\": [\r\n\t\t\t\t\"ImportedRefundItemsId\",\r\n\t\t\t\t\"refundId\",\r\n\t\t\t\t\"refundDocDate\",\r\n\t\t\t\t\"budgetLevel\",\r\n\t\t\t\t\"Payee\",\r\n\t\t\t\t\"Payer\",\r\n\t\t\t\t\"Application\",\r\n\t\t\t\t\"Basis\"\r\n\t\t\t]\r\n\t\t},\r\n\t\t\"Payee\":{\r\n\t\t\t\"type\": \"object\",\r\n\t\t\t\"title\":\"Получатель денежных средств\",\r\n\t\t\t\"properties\":{\r\n\t\t\t\t\"payerIdentifier\":{\r\n\t\t\t\t\t\"type\": \"string\",\r\n\t\t\t\t\t\"title\":\"Идентификатор плательщика\"\r\n\t\t\t\t},\r\n\t\t\t\t\"name\":{\r\n\t\t\t\t\t\"type\": \"string\",\r\n\t\t\t\t\t\"title\":\"Наименование организации\",\r\n\t\t\t\t\t\"maxLength\":160\r\n\t\t\t\t},\r\n\t\t\t\t\"kbk\":{\r\n\t\t\t\t\t\"type\": \"string\",\r\n\t\t\t\t\t\"title\":\"КБК\",\r\n\t\t\t\t\t\"minLength\":1,\r\n\t\t\t\t\t\"maxLength\":20,\r\n\t\t\t\t\t\"pattern\": \"^0|([0-9a-zA-Zа-яА-Я]{20})$\"\r\n\t\t\t\t},\r\n\t\t\t\t\"oktmo\":{\r\n\t\t\t\t\t\"type\": \"string\",\r\n\t\t\t\t\t\"title\":\"ОКТМО\",\r\n\t\t\t\t\t\"minLength\":1,\r\n\t\t\t\t\t\"maxLength\":11,\r\n\t\t\t\t\t\"pattern\": \"^(0)|([0-9]{8})|([0-9]{11})$\"\r\n\t\t\t\t},\r\n\t\t\t\t\"accountNumber\":{\r\n\t\t\t\t\t\"type\": \"string\",\r\n\t\t\t\t\t\"title\":\"Номер счета\",\r\n\t\t\t\t\t\"minLength\":20,\r\n\t\t\t\t\t\"maxLength\":20,\r\n\t\t\t\t\t\"pattern\": \"^[0-9]{20}$\"\r\n\t\t\t\t},\r\n\t\t\t\t\"nameBank\":{\r\n\t\t\t\t\t\"type\": \"string\",\r\n\t\t\t\t\t\"title\":\"Наименование структурного подразделения\",\r\n\t\t\t\t\t\"minLength\":1,\r\n\t\t\t\t\t\"maxLength\":200\r\n\t\t\t\t},\r\n\t\t\t\t\"bik\":{\r\n\t\t\t\t\t\"type\": \"string\",\r\n\t\t\t\t\t\"title\":\"БИК\",\r\n\t\t\t\t\t\"minLength\":9,\r\n\t\t\t\t\t\"maxLength\":9,\r\n\t\t\t\t\t\"pattern\": \"^[0-9]{9}$\"\r\n\t\t\t\t},\r\n\t\t\t\t\"correspondentBankAccount\":{\r\n\t\t\t\t\t\"type\": \"string\",\r\n\t\t\t\t\t\"title\":\"Номер корреспондентского счета\",\r\n\t\t\t\t\t\"minLength\":20,\r\n\t\t\t\t\t\"maxLength\":20,\r\n\t\t\t\t\t\"pattern\": \"^[0-9]{20}$\"\r\n\t\t\t\t},\r\n\t\t\t\t\"PayeeAccount\":{\r\n\t\t\t\t\t\"type\": \"string\",\r\n\t\t\t\t\t\"title\":\"Номер лицевого счета получателя платежа\",\r\n\t\t\t\t\t\"minLength\":11,\r\n\t\t\t\t\t\"maxLength\":11\r\n\t\t\t\t}\r\n\t\t\t},\r\n\t\t\t\"required\":[\r\n\t\t\t\t\"payerIdentifier\",\r\n\t\t\t\t\"name\",\r\n\t\t\t\t\"bik\"\r\n\t\t\t]\t\t\t\r\n\t\t},\r\n\t\t\"Payer\":{\r\n\t\t\t\"type\": \"object\",\r\n\t\t\t\"title\":\"Сведения об организации, осуществляющей возврат денежных средств\",\r\n\t\t\t\"properties\": {\r\n\t\t\t\"codeUBP\":{\r\n\t\t\t\t\t\"type\": \"string\",\r\n\t\t\t\t\t\"title\":\"Код организации\",\r\n\t\t\t\t\t\"minLength\":5,\r\n\t\t\t\t\t\"maxLength\":8\r\n\t\t\t\t},\r\n\t\t\t\t\"payerName\":{\r\n\t\t\t\t\t\"type\": \"string\",\r\n\t\t\t\t\t\"title\":\"Плательщик\",\r\n\t\t\t\t\t\"maxLength\":160\r\n\t\t\t\t},\r\n\t\t\t\t\"inn\":{\r\n\t\t\t\t\t\"type\": \"string\",\r\n\t\t\t\t\t\"title\":\"ИНН\",\r\n\t\t\t\t\t\"minLength\":10,\r\n\t\t\t\t\t\"maxLength\":10\r\n\t\t\t\t},\r\n\t\t\t\t\"kpp\":{\r\n\t\t\t\t\t\"type\": \"string\",\r\n\t\t\t\t\t\"title\":\"КПП\",\r\n\t\t\t\t\t\"minLength\":9,\r\n\t\t\t\t\t\"maxLength\":9\r\n\t\t\t\t},\r\n\t\t\t\t\"ogrn\":{\r\n\t\t\t\t\t\"type\": \"string\",\r\n\t\t\t\t\t\"title\":\"ОГРН\",\r\n\t\t\t\t\t\"minLength\":13,\r\n\t\t\t\t\t\"maxLength\":13,\r\n\t\t\t\t\t\"pattern\":\"^[0-9]{13}$\"\r\n\t\t\t\t}\r\n\t\t\t},\r\n\t\t\t\"required\":[\r\n\t\t\t\t\"payerIdentifier\",\r\n\t\t\t\t\"payerName\"\r\n\t\t\t]\r\n\t\t},\r\n\t\t\"Application\":{\r\n\t\t\t\"type\": \"object\",\r\n\t\t\t\"title\":\"Данные заявки на возврат\",\r\n\t\t\t\"properties\": {\r\n\t\t\t\t\"appNum\":{\r\n\t\t\t\t\t\"type\":\"string\",\r\n\t\t\t\t\t\"title\":\"Номер, присвоенный организацией, формирующей Заявку на возврат в ТОФК\",\r\n\t\t\t\t\t\"minLength\":1,\r\n\t\t\t\t\t\"maxLength\":15\r\n\t\t\t\t},\r\n\t\t\t\t\"appDate\":{\r\n\t\t\t\t\t\"type\":\"string\",\r\n\t\t\t\t\t\"format\":\"date\",\r\n\t\t\t\t\t\"title\":\"Дата, на которую сформирована Заявка на возврат в ТОФК\"\r\n\t\t\t\t},\r\n\t\t\t\t\"paymentId\":{\r\n\t\t\t\t\t\"type\":\"string\",\r\n\t\t\t\t\t\"title\":\"УИП\",\r\n\t\t\t\t\t\"pattern\":\"(^1[0-9]{15}((0[1-9]|[12][0-9]|3[01])(0[1-9]|1[012])[0-9]]{4})[0-9]]{8}$)|(^2[0-9]]{4}0{11}((0[1-9]|[12][0-9]|3[01])(0[1-9]|1[012])[0-9]]{4})[0-9]]{8}$)|(^3[a-fA-F0-9]{6}((0[1-9]|[12][0-9]|3[01])(0[1-9]|1[012])[0-9]]{4})[0-9]]{17}$)\"\r\n\t\t\t\t},\r\n\t\t\t\t\"cashType\":{\r\n\t\t\t\t\t\"type\":\"string\",\r\n\t\t\t\t\t\"title\":\"Вид средств для осуществления возврата\",\r\n\t\t\t\t\t\"enum\":[\"1\",\"3\",\"4\",\"5\",\"6\"]\r\n\t\t\t\t},\r\n\t\t\t\t\"amount\":{\r\n\t\t\t\t\t\"type\":\"string\",\r\n\t\t\t\t\t\"title\":\"Сумма возврата в копейках\"\r\n\t\t\t\t},\r\n\t\t\t\t\"purpose\":{\r\n\t\t\t\t\t\"type\":\"string\",\r\n\t\t\t\t\t\"title\":\"Назначение платежа\",\r\n\t\t\t\t\t\"maxLength\":210\r\n\t\t\t\t}\r\n\t\t\t},\r\n\t\t\t\"required\":[\r\n\t\t\t\t\"appNum\",\r\n\t\t\t\t\"appDate\",\r\n\t\t\t\t\"paymentId\",\r\n\t\t\t\t\"cashType\",\r\n\t\t\t\t\"amount\",\r\n\t\t\t\t\"purpose\"\r\n\t\t\t]\r\n\t\t},\r\n\t\t\"Basis\":{\r\n\t\t\t\"type\":\"object\",\r\n\t\t\t\"title\":\"Реквизиты документа-основания для осуществления возврата\",\r\n\t\t\t\"properties\": {\r\n\t\t\t\t\"docKind\":{\r\n\t\t\t\t\t\"type\": \"string\",\r\n\t\t\t\t\t\"title\":\"Вид документа\",\r\n\t\t\t\t\t\"minLength\":1,\r\n\t\t\t\t\t\"maxLength\":160\r\n\t\t\t\t},\r\n\t\t\t\t\"docNumber\":{\r\n\t\t\t\t\t\"type\": \"string\",\r\n\t\t\t\t\t\"title\":\"Номер документа\",\r\n\t\t\t\t\t\"minLength\":1,\r\n\t\t\t\t\t\"maxLength\":6,\r\n\t\t\t\t\t\"pattern\":\"^[0-9]{1,6}$\"\r\n\t\t\t\t},\r\n\t\t\t\t\"docDate\":{\r\n\t\t\t\t\t\"type\": \"string\",\r\n\t\t\t\t\t\"format\":\"date\",\r\n\t\t\t\t\t\"title\":\"Дата документа\"\r\n\t\t\t\t}\r\n\t\t\t},\r\n\t\t\t\"required\": [\r\n\t\t\t\t\"docKind\",\r\n\t\t\t\t\"docNumber\",\r\n\t\t\t\t\"docDate\"\r\n\t\t\t]\r\n\t\t},\r\n\t\t\"AdditionalData\":{\r\n\t\t\t\"type\":\"object\",\r\n\t\t\t\"properties\": {\r\n\t\t\t\t\"Name\":{\r\n\t\t\t\t\t\"type\":\"string\",\r\n\t\t\t\t\t\"title\":\"Наименование поля\",\r\n\t\t\t\t\t\"minLength\":1,\r\n\t\t\t\t\t\"maxLength\":100\r\n\t\t\t\t},\r\n\t\t\t\t\"Value\":{\r\n\t\t\t\t\t\"type\":\"string\",\r\n\t\t\t\t\t\"title\":\"Значение поля\",\r\n\t\t\t\t\t\"minLength\":1,\r\n\t\t\t\t\t\"maxLength\":255\r\n\t\t\t\t}\r\n\t\t\t},\r\n\t\t\t\"required\":[\r\n\t\t\t\t\"Name\",\r\n\t\t\t\t\"Value\"\r\n\t\t\t]\r\n\t\t\t\r\n\t\t},\r\n\t\t\"ImportedChangeItems\": {\r\n\t\t\t\"type\": \"object\",\r\n\t\t\t\"properties\": {\r\n\t\t\t\t\"ImportedChangeItemsId\":{\r\n\t\t\t\t\t\"type\": \"string\",\r\n\t\t\t\t\t\"title\":\"Идентификатор возврата в пакете\",\r\n\t\t\t\t\t\"maxLength\":50,\r\n\t\t\t\t\t\"pattern\":\"^[a-zA-Z_][a-zA-Z0-9_.-]*\"\r\n\t\t\t\t},\r\n\t\t\t\t\"originatorId\":{\r\n\t\t\t\t\t\"type\": \"string\",\r\n\t\t\t\t\t\"title\":\"УРН участника косвенного взаимодействия, сформировавшего запрос\",\r\n\t\t\t\t\t\"minLength\":6,\r\n\t\t\t\t\t\"maxLength\":6,\r\n\t\t\t\t\t\"pattern\": \"^[0-9a-fA-F]{6}$\"\r\n\t\t\t\t},\r\n\t\t\t\t\"RefundId\":{\r\n\t\t\t\t\t\"type\": \"string\",\r\n\t\t\t\t\t\"title\":\"УИВ\",\r\n\t\t\t\t\t\"minLength\":25,\r\n\t\t\t\t\t\"maxLength\":25\r\n\t\t\t\t},\r\n\t\t\t\t\"Change\":{\r\n\t\t\t\t\t\"type\": \"array\",\r\n\t\t\t\t\t\"title\": \"Изменяемые поля\",\r\n\t\t\t\t\t\"items\": {\r\n\t\t\t\t\t\t\"$ref\": \"#/definitions/ChangeItems\"\r\n\t\t\t\t\t}\r\n\t\t\t\t},\r\n\t\t\t\t\"ChangeStatus\":{\r\n\t\t\t\t\t\"$ref\": \"#/definitions/ChangeStatus\"\r\n\t\t\t\t}\r\n\t\t\t},\r\n\t\t\t\"required\": [\r\n\t\t\t\t\"ImportedChangeItemsId\",\r\n\t\t\t\t\"RefundId\",\r\n\t\t\t\t\"ChangeStatus\"\r\n\t\t\t]\r\n\t\t},\r\n\t\t\"ChangeItems\":{\r\n\t\t\t\"type\":\"object\",\r\n\t\t\t\"title\":\"Изменяемые поля\",\r\n\t\t\t\"properties\": {\r\n\t\t\t\t\"ChangeValue\":{\r\n\t\t\t\t\t\"type\": \"array\",\r\n\t\t\t\t\t\"title\": \"Новое значение изменяемого поля\",\r\n\t\t\t\t\t\"maxItems\": 10,\r\n\t\t\t\t\t\"items\":{\r\n\t\t\t\t\t\t\"$ref\": \"#/definitions/ChangeValue\"\r\n\t\t\t\t\t}\r\n\t\t\t\t},\r\n\t\t\t\t\"fieldNum\":{\r\n\t\t\t\t\t\"type\": \"string\",\r\n\t\t\t\t\t\"title\":\"Номер поля, в которое вносятся изменения\",\r\n\t\t\t\t\t\"minLength\":1,\r\n\t\t\t\t\t\"maxLength\":4,\r\n\t\t\t\t\t\"pattern\":\"[0-9]+\"\r\n\t\t\t\t}\r\n\t\t\t},\r\n\t\t\t\"required\":[\r\n\t\t\t\t\"ChangeValue\",\r\n\t\t\t\t\"fieldNum\"\r\n\t\t\t]\r\n\t\t},\r\n\t\t\"ChangeStatus\":{\r\n\t\t\t\"type\":\"object\",\r\n\t\t\t\"title\":\"Сведения о статусе и основаниях изменения\",\r\n\t\t\t\"properties\": {\r\n\t\t\t\t\"meaning\":{\r\n\t\t\t\t\t\"type\": \"string\",\r\n\t\t\t\t\t\"title\":\"Статус\",\r\n\t\t\t\t\t\"anyOf\":[\r\n\t\t\t\t\t{\r\n\t\t\t\t\t\t\"type\":\"string\",\r\n\t\t\t\t\t\t\"enum\":[\"2\"],\r\n\t\t\t\t\t\t\"title\":\"Уточнение\"\r\n\t\t\t\t\t},\r\n\t\t\t\t\t{\r\n\t\t\t\t\t\t\"type\":\"string\",\r\n\t\t\t\t\t\t\"enum\":[\"3\"],\r\n\t\t\t\t\t\t\"title\":\"Аннулирование\"\r\n\t\t\t\t\t},\r\n\t\t\t\t\t{\r\n\t\t\t\t\t\t\"type\":\"string\",\r\n\t\t\t\t\t\t\"enum\":[\"4\"],\r\n\t\t\t\t\t\t\"title\":\"Деаннулирование\"\r\n\t\t\t\t\t}\r\n\t\t\t\t\t]\r\n\t\t\t\t},\r\n\t\t\t\t\"Reason\":{\r\n\t\t\t\t\t\"type\": \"string\",\r\n\t\t\t\t\t\"title\":\"Основание изменения начисления\",\r\n\t\t\t\t\t\"maxLength\":512\r\n\t\t\t\t},\r\n\t\t\t\t\"ChangeDate\":{\r\n\t\t\t\t\t\"type\": \"string\",\r\n\t\t\t\t\t\"format\":\"date-time\",\r\n\t\t\t\t\t\"title\":\"Дата и время уточнения информации\"\r\n\t\t\t\t}\r\n\t\t\t},\r\n\t\t\t\"required\":[\r\n\t\t\t\t\"meaning\",\r\n\t\t\t\t\"Reason\"\r\n\t\t\t]\t\t\t\r\n\t\t},\r\n\t\t\"ChangeValue\":{\r\n\t\t\t\"type\":\"object\",\r\n\t\t\t\"title\":\"Новое значение изменяемого поля\",\r\n\t\t\t\"properties\": {\r\n\t\t\t\t\"name\":{\r\n\t\t\t\t\t\"type\":\"string\",\r\n\t\t\t\t\t\"title\":\"Наименование изменяемого поля\",\r\n\t\t\t\t\t\"minLength\":1,\r\n\t\t\t\t\t\"maxLength\":100\r\n\t\t\t\t},\r\n\t\t\t\t\"value\":{\r\n\t\t\t\t\t\"type\":\"string\",\r\n\t\t\t\t\t\"title\":\"Значение изменяемого поля\",\r\n\t\t\t\t\t\"minLength\":1,\r\n\t\t\t\t\t\"maxLength\":255\r\n\t\t\t\t}\r\n\t\t\t},\r\n\t\t\t\"required\":[\r\n\t\t\t\t\"value\"\r\n\t\t\t]\r\n\t\t},\r\n\t\t\"form\": {\r\n\t\t\t\"type\": \"object\",\r\n\t\t\t\"title\":\" \",\r\n\t\t\t\"properties\": {\r\n\t\t\t\t\"Id\": {\r\n\t\t\t\t\t\"type\": \"string\",\r\n\t\t\t\t\t\"title\":\"Идентификатор запроса\",\r\n\t\t\t\t\t\"maxLength\":50,\r\n\t\t\t\t\t\"pattern\":\"^[a-zA-Z_][a-zA-Z0-9_.-]*\"\r\n\t\t\t\t},\r\n\t\t\t\t\"timestamp\": {\r\n\t\t\t\t\t\"type\": \"string\",\r\n\t\t\t\t\t\"title\":\"Дата и время формирования запроса\",\r\n\t\t\t\t\t\"format\": \"date-time\"\r\n\t\t\t\t},\r\n\t\t\t\t\"senderIdentifier\": {\r\n\t\t\t\t\t\"type\": \"string\",\r\n\t\t\t\t\t\"title\":\"УРН участника-отправителя запроса\",\r\n\t\t\t\t\t\"pattern\": \"^[0-9a-fA-F]{6}$\"\r\n\t\t\t\t},\r\n\t\t\t\t\"senderRole\": {\r\n\t\t\t\t\t\"type\": \"string\",\r\n\t\t\t\t\t\"title\":\"Полномочие участника-отправителя сообщения, с которым происходит обращение к ГИС ГМП\",\r\n\t\t\t\t\t\"maxLength\":10,\r\n\t\t\t\t\t\"anyOf\":[\r\n\t\t\t\t\t{\r\n\t\t\t\t\t\t\"type\":\"string\",\r\n\t\t\t\t\t\t\"enum\":[\"1\"],\r\n\t\t\t\t\t\t\"title\":\"ГАН (главный администратор доходов бюджета)\"\r\n\t\t\t\t\t},\r\n\t\t\t\t\t{\r\n\t\t\t\t\t\t\"type\":\"string\",\r\n\t\t\t\t\t\t\"enum\":[\"2\"],\r\n\t\t\t\t\t\t\"title\":\"ГАН (орган государственной власти субъектов РФ (орган местного самоуправления))\"\r\n\t\t\t\t\t},\r\n\t\t\t\t\t{\r\n\t\t\t\t\t\t\"type\":\"string\",\r\n\t\t\t\t\t\t\"enum\":[\"3\"],\r\n\t\t\t\t\t\t\"title\":\"АН (администратор доходов бюджета, главный администратор доходов бюджета)\"\r\n\t\t\t\t\t},\r\n\t\t\t\t\t{\r\n\t\t\t\t\t\t\"type\":\"string\",\r\n\t\t\t\t\t\t\"enum\":[\"4\"],\r\n\t\t\t\t\t\t\"title\":\"АН (государственное (муниципальное) учреждение)\"\r\n\t\t\t\t\t},\r\n\t\t\t\t\t{\r\n\t\t\t\t\t\t\"type\":\"string\",\r\n\t\t\t\t\t\t\"enum\":[\"17\"],\r\n\t\t\t\t\t\t\"title\":\"АЗ (оператор единого портала) – для уточнения ранее сформированного ГИС ГМП предварительного начисления по запросу участника\"\r\n\t\t\t\t\t},\r\n\t\t\t\t\t{\r\n\t\t\t\t\t\t\"type\":\"string\",\r\n\t\t\t\t\t\t\"enum\":[\"18\"],\r\n\t\t\t\t\t\t\"title\":\"АЗ (оператор регионального портала) - для уточнения ранее сформированного ГИС ГМП предварительного начисления по запросу участника\"\r\n\t\t\t\t\t},\r\n\t\t\t\t\t{\r\n\t\t\t\t\t\t\"type\":\"string\",\r\n\t\t\t\t\t\t\"enum\":[\"24\"],\r\n\t\t\t\t\t\t\"title\":\"ГАН (орган государственной власти)\"\r\n\t\t\t\t\t},\r\n\t\t\t\t\t{\r\n\t\t\t\t\t\t\"type\":\"string\",\r\n\t\t\t\t\t\t\"enum\":[\"25\"],\r\n\t\t\t\t\t\t\"title\":\"ГАН (оператор системы «Электронный бюджет»)\"\r\n\t\t\t\t\t},\r\n\t\t\t\t\t{\r\n\t\t\t\t\t\t\"type\":\"string\",\r\n\t\t\t\t\t\t\"enum\":[\"27\"],\r\n\t\t\t\t\t\t\"title\":\"АН (уполномоченный орган, являющийся администратором доходов бюджета)\"\r\n\t\t\t\t\t},\r\n\t\t\t\t\t{\r\n\t\t\t\t\t\t\"type\":\"string\",\r\n\t\t\t\t\t\t\"enum\":[\"33\"],\r\n\t\t\t\t\t\t\"title\":\"АН (уполномоченный орган)\"\r\n\t\t\t\t\t}\r\n\t\t\t\t\t]\r\n\t\t\t\t},\r\n\t\t\t\t\r\n\t\t\t\t\"ImportedTypeData\":{\r\n\t\t\t\t\t\"type\": \"string\",\r\n\t\t\t\t\t\"title\":\"Тип передаваемой в ГИС ГМП информации (новое или внесение изменений)\",\r\n\t\t\t\t\t\"anyOf\":[\r\n\t\t\t\t\t{\r\n\t\t\t\t\t\t\"type\":\"string\",\r\n\t\t\t\t\t\t\"enum\":[\"ImportedRefund\"],\r\n\t\t\t\t\t\t\"title\":\"Направляемое новое извещение о возврате\"\r\n\t\t\t\t\t},\r\n\t\t\t\t\t{\r\n\t\t\t\t\t\t\"type\":\"string\",\r\n\t\t\t\t\t\t\"enum\":[\"ImportedChange\"],\r\n\t\t\t\t\t\t\"title\":\"Направляемые изменения в извещение о возврате\"\r\n\t\t\t\t\t}\r\n\t\t\t\t\t]\r\n\t\t\t\t}\t\t\t\t\r\n\t\t\t},\r\n\t\t\t\"dependencies\":{\r\n\t\t\t\t\"ImportedTypeData\":{\r\n\t\t\t\t\t\"oneOf\":[\r\n\t\t\t\t\t{\r\n\t\t\t\t\t\t\"properties\":{\r\n\t\t\t\t\t\t\t\"ImportedTypeData\":{\r\n\t\t\t\t\t\t\t\t\"enum\":[\"ImportedRefund\"]\r\n\t\t\t\t\t\t\t},\r\n\t\t\t\t\t\t\t\"ImportedChargeItems\":{\r\n\t\t\t\t\t\t\t\t\"type\": \"array\",\r\n\t\t\t\t\t\t\t\t\"title\":\"Направляемое новое извещение о возврате\",\r\n\t\t\t\t\t\t\t\t\"minItems\": 1,\r\n\t\t\t\t\t\t\t\t\"maxItems\": 100,\r\n\t\t\t\t\t\t\t\t\"items\": {\r\n\t\t\t\t\t\t\t\t\t\"$ref\": \"#/definitions/ImportedRefundItems\"\r\n\t\t\t\t\t\t\t\t}\r\n\t\t\t\t\t\t\t}\t\t\t\t\t\t\t\r\n\t\t\t\t\t\t},\r\n\t\t\t\t\t\t\"required\":[\r\n\t\t\t\t\t\t\t\"ImportedRefundItems\"\r\n\t\t\t\t\t\t]\r\n\t\t\t\t\t},\r\n\t\t\t\t\t{\r\n\t\t\t\t\t\t\"properties\":{\r\n\t\t\t\t\t\t\t\"ImportedTypeData\":{\r\n\t\t\t\t\t\t\t\t\"enum\":[\"ImportedChange\"]\r\n\t\t\t\t\t\t\t},\r\n\t\t\t\t\t\t\t\"ImportedChangeItems\":{\r\n\t\t\t\t\t\t\t\t\"type\": \"array\",\r\n\t\t\t\t\t\t\t\t\"title\":\"Направляемые изменения в извещение о возврате\",\r\n\t\t\t\t\t\t\t\t\"minItems\": 1,\r\n\t\t\t\t\t\t\t\t\"maxItems\": 100,\r\n\t\t\t\t\t\t\t\t\"items\": {\r\n\t\t\t\t\t\t\t\t\t\"$ref\": \"#/definitions/ImportedChangeItems\"\r\n\t\t\t\t\t\t\t\t}\r\n\t\t\t\t\t\t\t}\r\n\t\t\t\t\t\t},\r\n\t\t\t\t\t\t\"required\":[\r\n\t\t\t\t\t\t\t\"ImportedChangeItems\"\r\n\t\t\t\t\t\t]\r\n\t\t\t\t\t}\r\n\t\t\t\t\t]\r\n\t\t\t\t}\r\n\t\t\t},\r\n\t\t\t\"required\": [\r\n\t\t\t\t\"Id\",\r\n\t\t\t\t\"timestamp\",\r\n\t\t\t\t\"senderIdentifier\",\r\n\t\t\t\t\"senderRole\"\r\n\t\t\t]\r\n\t\t}\r\n\t},\r\n\t\"type\": \"object\",\r\n\t\"title\":\"Прием информации о возврате\",\r\n\t\"properties\": {\r\n\t\t\"converterName\": {\r\n\t\t\t\"type\": \"string\",\r\n\t\t\t\"enum\": [\"VS01604v001-RKZN02\"]\r\n\t\t},\r\n\t\t\"form\": {\r\n\t\t\t\"$ref\": \"#/definitions/form\"\r\n\t\t}\r\n\t},\r\n\t\"required\": [\r\n\t\t\"converterName\"\r\n\t]\r\n}","IsSystem":false,"IsProviderResponse":false,"Transform":"","IsConverter":true,"IsConvertToFile":false,"FileType":null,"ReportName":"","UiSchem":"","XsdSchemas":null,"EndpointId":"fdb3fbfa-cba9-462c-8623-7048436c3fc0","NamespaceUri":null,"RootElementLocalName":null,"Endpoint":null,"RequestXslt":null,"IsInternalRequest":false,"RequestProp":null,"RequestPropPath":null,"AllowLocalRequest":false,"InternalRouteEndpointId":null}