{"RecId":null,"RecName":"VS01918v004-RKZN18","RecDescription":"Предоставление информации об уплате 2.3.0 (Экспорт)","Content":"@functions {\r\n    public string InlineAttribute(string value)\r\n    {\r\n         return string.IsNullOrEmpty(value) ? null : value;\r\n    }\r\n    public object GetAttributeValue(IDictionary<String, object> item, string attrName)\r\n\t{\r\n\t\treturn (item.ContainsKey(attrName)) ?\r\n\t\t\titem[attrName] : null;\r\n\t}\r\n}\r\n@{var i=1; var j=1;}\r\n\t<ns0:ExportPaymentsRequest xmlns:com=\"http://roskazna.ru/gisgmp/xsd/Common/2.3.0\"\r\n\t\t\t\t\t\t\t\txmlns:org=\"http://roskazna.ru/gisgmp/xsd/Organization/2.3.0\"\r\n\t\t\t\t\t\t\t\txmlns:sc=\"http://roskazna.ru/gisgmp/xsd/SearchConditions/2.3.0\"\r\n\t\t\t\t\t\t\t\txmlns:pmnt=\"http://roskazna.ru/gisgmp/xsd/Payment/2.3.0\"\r\n\t\t\t\t\t\t\t\txmlns:ns0=\"urn://roskazna.ru/gisgmp/xsd/services/export-payments/2.3.0\" \r\n\t\t\t\t\t\t\t\tId=\"@Model.form.Id\" \r\n\t\t\t\t\t\t\t\ttimestamp=\"@Model.form.timestamp.ToString(\"yyyy-MM-ddTHH:mm:ss.f\")\" \r\n\t\t\t\t\t\t\t\tsenderIdentifier=\"@Model.form.senderIdentifier\" \r\n\t\t\t\t\t\t\t\tsenderRole=\"@Model.form.senderRole\" \r\n\t\t\t\t\t\t\t\toriginatorId=\"@GetAttributeValue(Model.form,\"originatorId\")\">\r\n\t\t@if(((IDictionary<String, object>)Model.form).ContainsKey(\"pageNumber\") && Model.form.pageNumber != null)\r\n\t\t{\r\n\t\t\t<com:Paging pageNumber=\"@Model.form.pageNumber\" pageLength=\"@Model.form.pageLength\"/>\r\n\t\t}\r\n\t\t<sc:PaymentsExportConditions kind=\"@Model.form.kind\">\r\n\t\t@if (Model.form.requestType == \"ChargesConditions\")\r\n\t\t{\r\n\t\t\t<sc:ChargesConditions>\r\n\t\t\t\t@foreach (var elem in Model.form.SupplierBillID)\r\n\t\t\t\t{\r\n\t\t\t\t\t<sc:SupplierBillID>@elem</sc:SupplierBillID>\r\n\t\t\t\t}\r\n\t\t\t\t@if(((IDictionary<String, object>)Model.form).ContainsKey(\"startDate\") && Model.form.startDate != null)\r\n\t\t\t\t{\r\n\t\t\t\t\t<com:TimeInterval startDate=\"@Model.form.startDate.ToString(\"yyyy-MM-ddTHH:mm:ss.f\")\" endDate=\"@Model.form.endDate.ToString(\"yyyy-MM-ddTHH:mm:ss.f\")\"/>\r\n\t\t\t\t}\r\n\t\t\t</sc:ChargesConditions>\r\n\t\t}\t\r\n\t\t@if (Model.form.requestType == \"PayersConditions\")\r\n\t\t{\r\n\t\t\t<sc:PayersConditions>\r\n\t\t\t\t@foreach(var elem in Model.form.PayerIdentifier)\r\n\t\t\t\t{\r\n\t\t\t\t\t<sc:PayerIdentifier>@elem</sc:PayerIdentifier>\r\n\t\t\t\t}\r\n\t\t\t\t@if(((IDictionary<String, object>)Model.form).ContainsKey(\"startDate\") && Model.form.startDate != null)\r\n\t\t\t\t{\r\n\t\t\t\t\t<com:TimeInterval startDate=\"@Model.form.startDate.ToString(\"yyyy-MM-ddTHH:mm:ss.f\")\" endDate=\"@Model.form.endDate.ToString(\"yyyy-MM-ddTHH:mm:ss.f\")\"/>\r\n\t\t\t\t}\r\n\t\t\t\t@if(((IDictionary<String, object>)Model.form).ContainsKey(\"KBK\") && Model.form.KBK != null)\r\n\t\t\t\t\t{\r\n\t\t\t\t\t\t@foreach (var elem in Model.form.KBK)\r\n\t\t\t\t\t\t{\r\n\t\t\t\t\t\t\ti++;\r\n\t\t\t\t\t\t}\r\n\t\t\t\t\t\t@if(i>1)\r\n\t\t\t\t\t\t{\r\n\t\t\t\t\t\t\t<com:KBKlist>\r\n\t\t\t\t\t\t\t\t@foreach(var elem in Model.form.KBK)\r\n\t\t\t\t\t\t\t\t{\r\n\t\t\t\t\t\t\t\t\t<com:KBK>@elem</com:KBK>\r\n\t\t\t\t\t\t\t\t}\r\n\t\t\t\t\t\t\t</com:KBKlist>\r\n\t\t\t\t\t\t}\r\n\t\t\t\t\t}\r\n\t\t\t</sc:PayersConditions>\r\n\t\t}\r\n\t\t@if (Model.form.requestType == \"PaymentsConditions\")\r\n\t\t{\r\n\t\t\t<sc:PaymentsConditions>\r\n\t\t\t\t@foreach(var elem in Model.form.PaymentId)\r\n\t\t\t\t{\r\n\t\t\t\t\t<sc:PaymentId>@elem</sc:PaymentId>\r\n\t\t\t\t}\r\n\t\t\t</sc:PaymentsConditions>\r\n\t\t}\r\n\t\t@if (Model.form.requestType == \"TimeConditions\")\r\n\t\t{\r\n\t\t\t<sc:TimeConditions>\r\n\t\t\t\t<com:TimeInterval startDate=\"@Model.form.startDate.ToString(\"yyyy-MM-ddTHH:mm:ss.f\")\" endDate=\"@Model.form.endDate.ToString(\"yyyy-MM-ddTHH:mm:ss.f\")\"/>\r\n\t\t\t\t@if(((IDictionary<String, object>)Model.form).ContainsKey(\"BeneficiaryItem\") && Model.form.BeneficiaryItem != null)\r\n\t\t\t\t{\r\n\t\t\t\t\t@foreach(var item in Model.form.BeneficiaryItem)\r\n\t\t\t\t\t{\r\n\t\t\t\t\t\t@if(((IDictionary<String, object>)item).ContainsKey(\"kpp\") && item.kpp != null)\r\n\t\t\t\t\t\t{\r\n\t\t\t\t\t\t\t<sc:Beneficiary inn=\"@item.inn\" kpp=\"@item.kpp\"/>\r\n\t\t\t\t\t\t}\r\n\t\t\t\t\t\telse\r\n\t\t\t\t\t\t{\r\n\t\t\t\t\t\t\t<sc:Beneficiary inn=\"@item.inn\"/>\r\n\t\t\t\t\t\t}\r\n\t\t\t\t\t}\r\n\t\t\t\t}\r\n\t\t\t\t@if(((IDictionary<String, object>)Model.form).ContainsKey(\"KBK\") && Model.form.KBK != null)\r\n\t\t\t\t{\r\n\t\t\t\t\t@foreach (var elem in Model.form.KBK)\r\n\t\t\t\t\t{\r\n\t\t\t\t\t\tj++;\r\n\t\t\t\t\t}\r\n\t\t\t\t\t@if(j>1)\r\n\t\t\t\t\t{\r\n\t\t\t\t\t\t<com:KBKlist>\r\n\t\t\t\t\t\t\t@foreach(var elem in Model.form.KBK)\r\n\t\t\t\t\t\t\t{\r\n\t\t\t\t\t\t\t\t<com:KBK>@elem</com:KBK>\r\n\t\t\t\t\t\t\t}\r\n\t\t\t\t\t\t</com:KBKlist>\r\n\t\t\t\t\t}\r\n\t\t\t\t}\r\n\t\t\t</sc:TimeConditions>\r\n\t\t}\r\n\t\t</sc:PaymentsExportConditions>\r\n\t</ns0:ExportPaymentsRequest>\r\n","TemplateSchema":"{\r\n\t\"definitions\": {\r\n\t\t\"BeneficiaryItem\": {\r\n\t\t\t\"type\": \"object\",\r\n\t\t\t\"properties\": {\r\n\t\t\t\t\"inn\": {\r\n\t\t\t\t\t\"type\": \"string\",\r\n\t\t\t\t\t\"title\":\"ИНН\",\r\n\t\t\t\t\t\"mixLength\":10,\r\n\t\t\t\t\t\"maxLength\":10,\r\n\t\t\t\t\t\"pattern\": \"^([1-9][0-9]|[0-9][1-9])[0-9]{8}$\"\r\n\t\t\t\t},\r\n\t\t\t\t\"kpp\":{\r\n\t\t\t\t\t\"type\": \"string\",\r\n\t\t\t\t\t\"title\":\"КПП\",\r\n\t\t\t\t\t\"mixLength\":9,\r\n\t\t\t\t\t\"maxLength\":9,\r\n\t\t\t\t\t\"pattern\": \"^([1-9][0-9]|[0-9][1-9])[0-9]{2}[A-Z0-9]{2}[0-9]{3}$\"\r\n\t\t\t\t}\r\n\t\t\t},\r\n\t\t\t\"required\": [\r\n\t\t\t\t\"inn\"\r\n\t\t\t]\r\n\t\t},\r\n\t\t\"form\": {\r\n\t\t\t\"type\": \"object\",\r\n\t\t\t\"title\":\"Данные формы\",\r\n\t\t\t\"properties\": {\r\n\t\t\t\t\"Id\": {\r\n\t\t\t\t\t\"type\": \"string\",\r\n\t\t\t\t\t\"title\":\"Идентификатор запроса\",\r\n\t\t\t\t\t\"maxLength\":50\r\n\t\t\t\t},\r\n\t\t\t\t\"timestamp\": {\r\n\t\t\t\t\t\"type\": \"string\",\r\n\t\t\t\t\t\"title\":\"Дата и время формирования запроса\",\r\n\t\t\t\t\t\"format\": \"date-time\"\r\n\t\t\t\t},\r\n\t\t\t\t\"senderIdentifier\": {\r\n\t\t\t\t\t\"type\": \"string\",\r\n\t\t\t\t\t\"title\":\"УРН участника-отправителя запроса\",\r\n\t\t\t\t\t\"pattern\": \"^[0-9a-fA-F]{6}$\"\r\n\t\t\t\t},\r\n\t\t\t\t\"senderRole\": {\r\n\t\t\t\t\t\"type\": \"string\",\r\n\t\t\t\t\t\"title\":\"Полномочие участника-отправителя сообщения, с которым происходит обращение к ГИС ГМП\",\r\n\t\t\t\t\t\"maxLength\":10,\r\n\t\t\t\t\t\"anyOf\":[\r\n\t\t\t\t\t{\r\n\t\t\t\t\t\t\"type\":\"string\",\r\n\t\t\t\t\t\t\"enum\":[\"1\"],\r\n\t\t\t\t\t\t\"title\":\"ГАН (главный администратор доходов бюджета)\"\r\n\t\t\t\t\t},\r\n\t\t\t\t\t{\r\n\t\t\t\t\t\t\"type\":\"string\",\r\n\t\t\t\t\t\t\"enum\":[\"2\"],\r\n\t\t\t\t\t\t\"title\":\"ГАН (орган государственной власти субъектов РФ (орган местного самоуправления))\"\r\n\t\t\t\t\t},\r\n\t\t\t\t\t{\r\n\t\t\t\t\t\t\"type\":\"string\",\r\n\t\t\t\t\t\t\"enum\":[\"3\"],\r\n\t\t\t\t\t\t\"title\":\"АН (администратор доходов бюджета, главный администратор доходов бюджета)\"\r\n\t\t\t\t\t},\r\n\t\t\t\t\t{\r\n\t\t\t\t\t\t\"type\":\"string\",\r\n\t\t\t\t\t\t\"enum\":[\"4\"],\r\n\t\t\t\t\t\t\"title\":\"АН (государственное (муниципальное) учреждение)\"\r\n\t\t\t\t\t},\r\n\t\t\t\t\t{\r\n\t\t\t\t\t\t\"type\":\"string\",\r\n\t\t\t\t\t\t\"enum\":[\"5\"],\r\n\t\t\t\t\t\t\"title\":\"ГАП (оператор по переводу денежных средств)\"\r\n\t\t\t\t\t},\r\n\t\t\t\t\t{\r\n\t\t\t\t\t\t\"type\":\"string\",\r\n\t\t\t\t\t\t\"enum\":[\"6\"],\r\n\t\t\t\t\t\t\"title\":\"ГАП (орган государственной власти субъектов РФ (орган местного самоуправления)) \"\r\n\t\t\t\t\t},\r\n\t\t\t\t\t{\r\n\t\t\t\t\t\t\"type\":\"string\",\r\n\t\t\t\t\t\t\"enum\":[\"7\"],\r\n\t\t\t\t\t\t\"title\":\"АП (оператор по переводу денежных средств)\"\r\n\t\t\t\t\t},\r\n\t\t\t\t\t{\r\n\t\t\t\t\t\t\"type\":\"string\",\r\n\t\t\t\t\t\t\"enum\":[\"8\"],\r\n\t\t\t\t\t\t\"title\":\"АП (организация почтовой связи)\"\r\n\t\t\t\t\t},\r\n\t\t\t\t\t{\r\n\t\t\t\t\t\t\"type\":\"string\",\r\n\t\t\t\t\t\t\"enum\":[\"9\"],\r\n\t\t\t\t\t\t\"title\":\"АП (финансовый орган)\"\r\n\t\t\t\t\t},\r\n\t\t\t\t\t{\r\n\t\t\t\t\t\t\"type\":\"string\",\r\n\t\t\t\t\t\t\"enum\":[\"10\"],\r\n\t\t\t\t\t\t\"title\":\"АП (местная администрация)\"\r\n\t\t\t\t\t},\r\n\t\t\t\t\t{\r\n\t\t\t\t\t\t\"type\":\"string\",\r\n\t\t\t\t\t\t\"enum\":[\"11\"],\r\n\t\t\t\t\t\t\"title\":\"АП (банковский платежный агент)\"\r\n\t\t\t\t\t},\r\n\t\t\t\t\t{\r\n\t\t\t\t\t\t\"type\":\"string\",\r\n\t\t\t\t\t\t\"enum\":[\"12\"],\r\n\t\t\t\t\t\t\"title\":\"АП (банковский платежный субагент)\"\r\n\t\t\t\t\t},\r\n\t\t\t\t\t{\r\n\t\t\t\t\t\t\"type\":\"string\",\r\n\t\t\t\t\t\t\"enum\":[\"13\"],\r\n\t\t\t\t\t\t\"title\":\"АП (платежный агент)\"\r\n\t\t\t\t\t},\r\n\t\t\t\t\t{\r\n\t\t\t\t\t\t\"type\":\"string\",\r\n\t\t\t\t\t\t\"enum\":[\"14\"],\r\n\t\t\t\t\t\t\"title\":\"АП (государственное (муниципальное) учреждение)\"\r\n\t\t\t\t\t},\r\n\t\t\t\t\t{\r\n\t\t\t\t\t\t\"type\":\"string\",\r\n\t\t\t\t\t\t\"enum\":[\"15\"],\r\n\t\t\t\t\t\t\"title\":\"ГАЗ (уполномоченный многофункциональный центр)\"\r\n\t\t\t\t\t},\r\n\t\t\t\t\t{\r\n\t\t\t\t\t\t\"type\":\"string\",\r\n\t\t\t\t\t\t\"enum\":[\"16\"],\r\n\t\t\t\t\t\t\"title\":\"ГАЗ (орган государственной власти субъекта РФ (орган местного самоуправления))\"\r\n\t\t\t\t\t},\r\n\t\t\t\t\t{\r\n\t\t\t\t\t\t\"type\":\"string\",\r\n\t\t\t\t\t\t\"enum\":[\"17\"],\r\n\t\t\t\t\t\t\"title\":\"АЗ (оператор единого портала)\"\r\n\t\t\t\t\t},\r\n\t\t\t\t\t{\r\n\t\t\t\t\t\t\"type\":\"string\",\r\n\t\t\t\t\t\t\"enum\":[\"18\"],\r\n\t\t\t\t\t\t\"title\":\"АЗ (оператор регионального портала)\"\r\n\t\t\t\t\t},\r\n\t\t\t\t\t{\r\n\t\t\t\t\t\t\"type\":\"string\",\r\n\t\t\t\t\t\t\"enum\":[\"19\"],\r\n\t\t\t\t\t\t\"title\":\"АЗ (многофункциональный центр)\"\r\n\t\t\t\t\t},\r\n\t\t\t\t\t{\r\n\t\t\t\t\t\t\"type\":\"string\",\r\n\t\t\t\t\t\t\"enum\":[\"20\"],\r\n\t\t\t\t\t\t\"title\":\"АП (органы управления государственными внебюджетными фондами РФ)\"\r\n\t\t\t\t\t},\r\n\t\t\t\t\t{\r\n\t\t\t\t\t\t\"type\":\"string\",\r\n\t\t\t\t\t\t\"enum\":[\"22\"],\r\n\t\t\t\t\t\t\"title\":\"АЗ (орган государственной власти (орган местного самоуправления))\"\r\n\t\t\t\t\t},\r\n\t\t\t\t\t{\r\n\t\t\t\t\t\t\"type\":\"string\",\r\n\t\t\t\t\t\t\"enum\":[\"23\"],\r\n\t\t\t\t\t\t\"title\":\"АП (территориальный орган Федерального казначейства)\"\r\n\t\t\t\t\t},\r\n\t\t\t\t\t{\r\n\t\t\t\t\t\t\"type\":\"string\",\r\n\t\t\t\t\t\t\"enum\":[\"24\"],\r\n\t\t\t\t\t\t\"title\":\"ГАН (орган государственной власти)\"\r\n\t\t\t\t\t},\r\n\t\t\t\t\t{\r\n\t\t\t\t\t\t\"type\":\"string\",\r\n\t\t\t\t\t\t\"enum\":[\"25\"],\r\n\t\t\t\t\t\t\"title\":\"ГАН (оператор системы «Электронный бюджет»)\"\r\n\t\t\t\t\t},\r\n\t\t\t\t\t{\r\n\t\t\t\t\t\t\"type\":\"string\",\r\n\t\t\t\t\t\t\"enum\":[\"27\"],\r\n\t\t\t\t\t\t\"title\":\"АН (орган государственной власти)\"\r\n\t\t\t\t\t},\r\n\t\t\t\t\t{\r\n\t\t\t\t\t\t\"type\":\"string\",\r\n\t\t\t\t\t\t\"enum\":[\"28\"],\r\n\t\t\t\t\t\t\"title\":\"ГАП (оператор системы «Электронный бюджет»)\"\r\n\t\t\t\t\t},\r\n\t\t\t\t\t{\r\n\t\t\t\t\t\t\"type\":\"string\",\r\n\t\t\t\t\t\t\"enum\":[\"31\"],\r\n\t\t\t\t\t\t\"title\":\"ГАЗ (оператор системы «Электронный бюджет»)\"\r\n\t\t\t\t\t}\r\n\t\t\t\t\t]\r\n\t\t\t\t},\r\n\t\t\t\t\"originatorId\": {\r\n\t\t\t\t\t\"type\": \"string\",\r\n\t\t\t\t\t\"title\":\"УРН участника косвенного взаимодействия, сформировавшего запрос\",\r\n\t\t\t\t\t\"pattern\": \"^[0-9a-fA-F]{6}$\"\r\n\t\t\t\t},\r\n\t\t\t\t\"pageNumber\":{\r\n\t\t\t\t\t\"type\":\"integer\",\r\n\t\t\t\t\t\"title\":\"Номер страницы предоставления информации\",\r\n\t\t\t\t\t\"minimum\":1,\r\n\t\t\t\t\t\"maximum\":2147483647\r\n\t\t\t\t},\r\n\t\t\t\t\"pageLength\":{\r\n\t\t\t\t\t\"type\":\"integer\",\r\n\t\t\t\t\t\"title\":\"Количество элементов на странице предоставления информации\",\r\n\t\t\t\t\t\"minimum\":1,\r\n\t\t\t\t\t\"maximum\":2147483647\r\n\t\t\t\t},\r\n\t\t\t\t\"kind\":{\r\n\t\t\t\t\t\"type\": \"string\",\r\n\t\t\t\t\t\"title\":\"Тип запроса\",\r\n\t\t\t\t\t\"anyOf\":[\r\n\t\t\t\t\t{\r\n\t\t\t\t\t\t\"type\":\"string\",\r\n\t\t\t\t\t\t\"enum\":[\"PAYMENT\"],\r\n\t\t\t\t\t\t\"title\":\"Все активные (неаннулированные) платежи\"\r\n\t\t\t\t\t},\r\n\t\t\t\t\t{\r\n\t\t\t\t\t\t\"type\":\"string\",\r\n\t\t\t\t\t\t\"enum\":[\"PAYMENTMODIFIED\"],\r\n\t\t\t\t\t\t\"title\":\"Все платежи, имеющие статус уточнения или статус аннулирования\"\r\n\t\t\t\t\t},\r\n\t\t\t\t\t{\r\n\t\t\t\t\t\t\"type\":\"string\",\r\n\t\t\t\t\t\t\"enum\":[\"PAYMENTUNMATCHED\"],\r\n\t\t\t\t\t\t\"title\":\"Все активные (неаннулированные) платежи, для которых в системе отсутствуют соответствующие начисления (не создана ни одна квитанция)\"\r\n\t\t\t\t\t},\r\n\t\t\t\t\t{\r\n\t\t\t\t\t\t\"type\":\"string\",\r\n\t\t\t\t\t\t\"enum\":[\"PAYMENTCANCELLED\"],\r\n\t\t\t\t\t\t\"title\":\"Аннулированные платежи\"\r\n\t\t\t\t\t},\r\n\t\t\t\t\t{\r\n\t\t\t\t\t\t\"type\":\"string\",\r\n\t\t\t\t\t\t\"enum\":[\"PAYMENTMAINCHARGE\"],\r\n\t\t\t\t\t\t\"title\":\"запрос платежей по связанным начислениям (используется только ФССП)\"\r\n\t\t\t\t\t}\r\n\t\t\t\t\t]\r\n\t\t\t\t},\r\n\t\t\t\t\"requestType\":{\r\n\t\t\t\t\t\"type\": \"string\",\r\n\t\t\t\t\t\"title\":\"Запрос информации\",\r\n\t\t\t\t\t\"anyOf\":[\r\n\t\t\t\t\t{\r\n\t\t\t\t\t\t\"type\":\"string\",\r\n\t\t\t\t\t\t\"enum\":[\"ChargesConditions\"],\r\n\t\t\t\t\t\t\"title\":\"По УИН\"\r\n\t\t\t\t\t},\r\n\t\t\t\t\t{\r\n\t\t\t\t\t\t\"type\":\"string\",\r\n\t\t\t\t\t\t\"enum\":[\"PayersConditions\"],\r\n\t\t\t\t\t\t\"title\":\"По идентификатору плательщика\"\r\n\t\t\t\t\t},\r\n\t\t\t\t\t{\r\n\t\t\t\t\t\t\"type\":\"string\",\r\n\t\t\t\t\t\t\"enum\":[\"PaymentsConditions\"],\r\n\t\t\t\t\t\t\"title\":\"По УИП\"\r\n\t\t\t\t\t},\r\n\t\t\t\t\t{\r\n\t\t\t\t\t\t\"type\":\"string\",\r\n\t\t\t\t\t\t\"enum\":[\"TimeConditions\"],\r\n\t\t\t\t\t\t\"title\":\"За временной интервал\"\r\n\t\t\t\t\t}\r\n\t\t\t\t\t]\r\n\t\t\t\t}\r\n\t\t\t},\r\n\t\t\t\"required\": [\r\n\t\t\t\t\"Id\",\r\n\t\t\t\t\"timestamp\",\r\n\t\t\t\t\"senderIdentifier\",\r\n\t\t\t\t\"senderRole\",\r\n\t\t\t\t\"kind\",\r\n\t\t\t\t\"requestType\"\r\n\t\t\t],\r\n\t\t\t\"dependencies\":{\r\n\t\t\t\t\"requestType\":{\r\n\t\t\t\t\t\"oneOf\":[\r\n\t\t\t\t\t{\r\n\t\t\t\t\t\t\"properties\":{\r\n\t\t\t\t\t\t\t\"requestType\":{\r\n\t\t\t\t\t\t\t\t\"enum\":[\"ChargesConditions\"]\r\n\t\t\t\t\t\t\t},\r\n\t\t\t\t\t\t\t\"SupplierBillID\":{\r\n\t\t\t\t\t\t\t\t\"type\": \"array\",\r\n\t\t\t\t\t\t\t\t\"title\":\"УИН\",\r\n\t\t\t\t\t\t\t\t\"minItems\": 1,\r\n\t\t\t\t\t\t\t\t\"maxItems\": 100,\r\n\t\t\t\t\t\t\t\t\"items\": {\r\n\t\t\t\t\t\t\t\t\t\"type\": \"string\",\r\n\t\t\t\t\t\t\t\t\t\"title\":\"УИН\",\r\n\t\t\t\t\t\t\t\t\t\"pattern\": \"^[0-9a-fA-F]{20}$|^[0-9]{25}$\"\r\n\t\t\t\t\t\t\t\t}\r\n\t\t\t\t\t\t\t},\r\n\t\t\t\t\t\t\t\"startDate\":{\r\n\t\t\t\t\t\t\t\t\"type\": \"string\",\r\n\t\t\t\t\t\t\t\t\"title\":\"Начальная дата\",\r\n\t\t\t\t\t\t\t\t\"format\":\"date-time\"\r\n\t\t\t\t\t\t\t},\r\n\t\t\t\t\t\t\t\"endDate\":{\r\n\t\t\t\t\t\t\t\t\"type\": \"string\",\r\n\t\t\t\t\t\t\t\t\"title\":\"Конечная дата\",\r\n\t\t\t\t\t\t\t\t\"format\":\"date-time\"\r\n\t\t\t\t\t\t\t}\r\n\t\t\t\t\t\t},\r\n\t\t\t\t\t\t\"required\":[\r\n\t\t\t\t\t\t\t\"SupplierBillID\"\r\n\t\t\t\t\t\t],\r\n\t\t\t\t\t\t\"dependencies\":{\r\n\t\t\t\t\t\t\t\"startDate\":\r\n\t\t\t\t\t\t\t{\r\n\t\t\t\t\t\t\t\t\"required\":[\r\n\t\t\t\t\t\t\t\t\t\"endDate\"\r\n\t\t\t\t\t\t\t\t\t]\r\n\t\t\t\t\t\t\t},\r\n\t\t\t\t\t\t\t\"endDate\":\r\n\t\t\t\t\t\t\t{\r\n\t\t\t\t\t\t\t\t\"required\":[\r\n\t\t\t\t\t\t\t\t\t\"startDate\"\r\n\t\t\t\t\t\t\t\t\t]\r\n\t\t\t\t\t\t\t}\r\n\t\t\t\t\t\t}\r\n\t\t\t\t\t},\r\n\t\t\t\t\t{\r\n\t\t\t\t\t\t\"properties\":{\r\n\t\t\t\t\t\t\t\"requestType\":{\r\n\t\t\t\t\t\t\t\t\"enum\":[\"PayersConditions\"]\r\n\t\t\t\t\t\t\t},\r\n\t\t\t\t\t\t\t\"PayerIdentifier\":{\r\n\t\t\t\t\t\t\t\t\"type\": \"array\",\r\n\t\t\t\t\t\t\t\t\"title\":\"Идентификаторы плательщика\",\r\n\t\t\t\t\t\t\t\t\"minItems\": 1,\r\n\t\t\t\t\t\t\t\t\"maxItems\": 100,\r\n\t\t\t\t\t\t\t\t\"items\": {\r\n\t\t\t\t\t\t\t\t\t\"type\": \"string\",\r\n\t\t\t\t\t\t\t\t\t\"pattern\": \"^(1((0[1-9])|(1[0-5])|(2[12456789])|(3[0]))[0-9a-zA-Zа-яА-Я]{19})$|^(200[0-9]{14}[A-Z0-9]{2}[0-9]{3})$|^(300[0-9]{14}[A-Z0-9]{2}[0-9]{3}|3[0]{7}[0-9]{9}[A-Z0-9]{2}[0-9]{3})$|^(4[0]{9}[0-9]{12})$\"\r\n\t\t\t\t\t\t\t\t}\r\n\t\t\t\t\t\t\t},\r\n\t\t\t\t\t\t\t\"startDate\":{\r\n\t\t\t\t\t\t\t\t\"type\": \"string\",\r\n\t\t\t\t\t\t\t\t\"title\":\"Начальная дата\",\r\n\t\t\t\t\t\t\t\t\"format\":\"date-time\"\r\n\t\t\t\t\t\t\t},\r\n\t\t\t\t\t\t\t\"endDate\":{\r\n\t\t\t\t\t\t\t\t\"type\": \"string\",\r\n\t\t\t\t\t\t\t\t\"title\":\"Конечная дата\",\r\n\t\t\t\t\t\t\t\t\"format\":\"date-time\"\r\n\t\t\t\t\t\t\t},\r\n\t\t\t\t\t\t\t\"KBK\":{\r\n\t\t\t\t\t\t\t\t\"type\": \"array\",\r\n\t\t\t\t\t\t\t\t\"title\":\"КБК\",\r\n\t\t\t\t\t\t\t\t\"maxItems\": 10,\r\n\t\t\t\t\t\t\t\t\"items\": {\r\n\t\t\t\t\t\t\t\t\t\"type\": \"string\",\r\n\t\t\t\t\t\t\t\t\t\"pattern\": \"^[0-9a-zA-Zа-яА-Я]{20}$\"\r\n\t\t\t\t\t\t\t\t}\r\n\t\t\t\t\t\t\t}\r\n\t\t\t\t\t\t},\r\n\t\t\t\t\t\t\"required\":[\r\n\t\t\t\t\t\t\t\"PayerIdentifier\"\r\n\t\t\t\t\t\t],\r\n\t\t\t\t\t\t\"dependencies\":{\r\n\t\t\t\t\t\t\t\"startDate\":\r\n\t\t\t\t\t\t\t{\r\n\t\t\t\t\t\t\t\t\"required\":[\r\n\t\t\t\t\t\t\t\t\t\"endDate\"\r\n\t\t\t\t\t\t\t\t\t]\r\n\t\t\t\t\t\t\t},\r\n\t\t\t\t\t\t\t\"endDate\":\r\n\t\t\t\t\t\t\t{\r\n\t\t\t\t\t\t\t\t\"required\":[\r\n\t\t\t\t\t\t\t\t\t\"startDate\"\r\n\t\t\t\t\t\t\t\t\t]\r\n\t\t\t\t\t\t\t}\r\n\t\t\t\t\t\t}\r\n\t\t\t\t\t},\r\n\t\t\t\t\t{\r\n\t\t\t\t\t\t\"properties\":{\r\n\t\t\t\t\t\t\t\"requestType\":{\r\n\t\t\t\t\t\t\t\t\"enum\":[\"PaymentsConditions\"]\r\n\t\t\t\t\t\t\t},\r\n\t\t\t\t\t\t\t\"PaymentId\":{\r\n\t\t\t\t\t\t\t\t\"type\": \"array\",\r\n\t\t\t\t\t\t\t\t\"title\":\"УИП\",\r\n\t\t\t\t\t\t\t\t\"minItems\": 1,\r\n\t\t\t\t\t\t\t\t\"maxItems\": 100,\r\n\t\t\t\t\t\t\t\t\"items\": {\r\n\t\t\t\t\t\t\t\t\t\"type\":\"string\",\r\n\t\t\t\t\t\t\t\t\t\"pattern\":\"^(1[0-9]{15}((0[1-9]|[12][0-9]|3[01])(0[1-9]|1[012])[0-9]{4})[0-9]{8})$|^(2[0-9]{4}0{11}((0[1-9]|[12][0-9]|3[01])(0[1-9]|1[012])[0-9]{4})0-9{8})$|^(3[a-fA-F0-9]{6}((0[1-9]|[12][0-9]|3[01])(0[1-9]|1[012])[0-9]{4})[0-9]{17})$\"\r\n\t\t\t\t\t\t\t\t}\r\n\t\t\t\t\t\t\t}\r\n\t\t\t\t\t\t},\r\n\t\t\t\t\t\t\"required\":[\r\n\t\t\t\t\t\t\t\"PaymentId\"\t\t\t\t\t\t\t\r\n\t\t\t\t\t\t]\r\n\t\t\t\t\t},\r\n\t\t\t\t\t{\r\n\t\t\t\t\t\t\"properties\":{\r\n\t\t\t\t\t\t\t\"requestType\":{\r\n\t\t\t\t\t\t\t\t\"enum\":[\"TimeConditions\"]\r\n\t\t\t\t\t\t\t},\r\n\t\t\t\t\t\t\t\"startDate\":{\r\n\t\t\t\t\t\t\t\t\"type\": \"string\",\r\n\t\t\t\t\t\t\t\t\"title\":\"Начальная дата\",\r\n\t\t\t\t\t\t\t\t\"format\":\"date-time\"\r\n\t\t\t\t\t\t\t},\r\n\t\t\t\t\t\t\t\"endDate\":{\r\n\t\t\t\t\t\t\t\t\"type\": \"string\",\r\n\t\t\t\t\t\t\t\t\"title\":\"Конечная дата\",\r\n\t\t\t\t\t\t\t\t\"format\":\"date-time\"\r\n\t\t\t\t\t\t\t},\r\n\t\t\t\t\t\t\t\"BeneficiaryItem\":{\r\n\t\t\t\t\t\t\t\t\"type\": \"array\",\r\n\t\t\t\t\t\t\t\t\"title\":\"Идентификация получателя средств\",\r\n\t\t\t\t\t\t\t\t\"maxItems\": 10,\r\n\t\t\t\t\t\t\t\t\"items\": {\r\n\t\t\t\t\t\t\t\t\t\"$ref\": \"#/definitions/BeneficiaryItem\"\r\n\t\t\t\t\t\t\t\t}\r\n\t\t\t\t\t\t\t},\r\n\t\t\t\t\t\t\t\"KBK\":{\r\n\t\t\t\t\t\t\t\t\"type\": \"array\",\r\n\t\t\t\t\t\t\t\t\"title\":\"КБК\",\r\n\t\t\t\t\t\t\t\t\"maxItems\": 10,\r\n\t\t\t\t\t\t\t\t\"items\": {\r\n\t\t\t\t\t\t\t\t\t\"type\": \"string\",\r\n\t\t\t\t\t\t\t\t\t\"pattern\": \"^[0-9a-zA-Zа-яА-Я]{20}$\"\r\n\t\t\t\t\t\t\t\t}\r\n\t\t\t\t\t\t\t}\r\n\t\t\t\t\t\t},\r\n\t\t\t\t\t\t\"required\":[\r\n\t\t\t\t\t\t\t\"startDateTime\",\r\n\t\t\t\t\t\t\t\"endDateTime\"\t\t\t\t\t\t\t\r\n\t\t\t\t\t\t]\r\n\t\t\t\t\t}\r\n\t\t\t\t\t]\r\n\t\t\t\t}\r\n\t\t\t}\r\n\t\t}\r\n\t},\r\n\t\"type\": \"object\",\r\n\t\"title\":\"Предоставление информации об уплате\",\r\n\t\"properties\": {\r\n\t\t\"requestName\": {\r\n\t\t\t\"type\": \"string\",\r\n\t\t\t\"default\": \"VS01918v003-RKZN18\"\r\n\t\t},\r\n\t\t\"isTest\": {\r\n\t\t\t\"type\": \"boolean\",\r\n\t\t\t\"default\": true,\r\n\t\t\t\"title\":\"Направлять в тестовую среду\"\r\n\t\t},\r\n\t\t\"form\": {\r\n\t\t\t\"$ref\": \"#/definitions/form\"\r\n\t\t}\r\n\t},\r\n\t\"required\": [\r\n\t\t\"requestName\",\r\n\t\t\"isTest\",\r\n\t\t\"form\"\r\n\t]\r\n}","IsSystem":false,"IsProviderResponse":false,"Transform":"","IsConverter":false,"IsConvertToFile":true,"FileType":"pdf","ReportName":"payment_export.mrt","UiSchem":"","XsdSchemas":null,"EndpointId":"cef004db-6426-4a9e-aa2d-d75d7c5a90d8","NamespaceUri":null,"RootElementLocalName":null,"Endpoint":null,"RequestXslt":"","IsInternalRequest":false,"RequestProp":"","RequestPropPath":"","AllowLocalRequest":false,"InternalRouteEndpointId":null}