{"RecId":null,"RecName":"VS01598v001-RKZN02","RecDescription":"Казначейство - Прием информации о погашении начисления / VS01598v001-RKZN02","Content":"@if(((IDictionary<String, object>)Model.form).ContainsKey(\"originatorId\") && Model.form.originatorId != null)\r\n{\r\n\t<fa:ForcedAcknowledgementRequest xmlns:qt=\"http://roskazna.ru/gisgmp/xsd/Quittance/2.1.1\" xmlns:fa=\"urn://roskazna.ru/gisgmp/xsd/services/forced-ackmowledgement/2.1.1\" xmlns=\"urn://roskazna.ru/gisgmp/xsd/services/forced-ackmowledgement/2.1.1\"\r\n\t\t\t\t\t\t\t\t\tId=\"@Model.form.Id\" \r\n\t\t\t\t\t\t\t\t\ttimestamp=\"@Model.form.timestamp.ToString(\"yyyy-MM-ddTHH:mm:ss.f\")\" \r\n\t\t\t\t\t\t\t\t\tsenderIdentifier=\"@Model.form.senderIdentifier\" \r\n\t\t\t\t\t\t\t\t\tsenderRole=\"@Model.form.senderRole\" \r\n\t\t\t\t\t\t\t\t\toriginatorId=\"@Model.form.originatorId\">\r\n\t@if (Model.form.requestType == \"Reconcile\")\r\n\t{\t\r\n\t\t<fa:Reconcile supplierBillId=\"@Model.form.supplierBillId\">\r\n\t\t@if (Model.form.PaymentNotLoaded == \"Нет\")\r\n\t\t{\r\n\t\t\t@foreach(var elem in Model.form.Payment)\r\n\t\t\t{\r\n\t\t\t<fa:PaymentId>@elem</fa:PaymentId>\r\n\t\t\t}\r\n\t\t}\r\n\t\telse\r\n\t\t{\r\n\t\t\t<fa:PaymentNotLoaded>true</fa:PaymentNotLoaded>\r\n\t\t}\r\n\t\t</fa:Reconcile>\r\n\t}\r\n\t@if (Model.form.requestType == \"AnnulmentReconcile\")\r\n\t{\t\r\n\t\t<fa:AnnulmentReconcile supplierBillId=\"@Model.form.supplierBillId\">\r\n\t\t@if (Model.form.PaymentNotLoaded == \"Нет\")\r\n\t\t{\r\n\t\t\t@foreach(var elem in Model.form.Payment)\r\n\t\t\t{\r\n\t\t\t<fa:PaymentId>@elem</fa:PaymentId>\r\n\t\t\t}\r\n\t\t}\r\n\t\telse\r\n\t\t{\r\n\t\t\t<fa:PaymentNotLoaded>true</fa:PaymentNotLoaded>\r\n\t\t}\r\n\t\t</fa:AnnulmentReconcile>\r\n\t}\r\n\t@if (Model.form.requestType == \"ServiceProvided\")\r\n\t{\r\n\t\t<fa:ServiceProvided>\r\n\t\t@foreach(var elem in Model.form.Payment)\r\n\t\t{\r\n\t\t\t<fa:PaymentId>@elem</fa:PaymentId>\r\n\t\t}\r\n\t\t</fa:ServiceProvided>\t\r\n\t}\r\n\r\n\t@if (Model.form.requestType == \"AnnulmentServiceProvided\")\r\n\t{\r\n\t\t<fa:AnnulmentServiceProvided>\r\n\t\t@foreach(var elem in Model.form.Payment)\r\n\t\t{\r\n\t\t\t<fa:PaymentId>@elem</fa:PaymentId>\r\n\t\t}\r\n\t\t</fa:AnnulmentServiceProvided>\r\n\t}\r\n\t</fa:ForcedAcknowledgementRequest>\r\n}\r\nelse\r\n{\r\n\t<fa:ForcedAcknowledgementRequest xmlns:qt=\"http://roskazna.ru/gisgmp/xsd/Quittance/2.1.1\" xmlns:fa=\"urn://roskazna.ru/gisgmp/xsd/services/forced-ackmowledgement/2.1.1\" xmlns=\"urn://roskazna.ru/gisgmp/xsd/services/forced-ackmowledgement/2.1.1\"\r\n\t\t\t\t\t\t\t\t\tId=\"@Model.form.Id\" \r\n\t\t\t\t\t\t\t\t\ttimestamp=\"@Model.form.timestamp.ToString(\"yyyy-MM-ddTHH:mm:ss.f\")\" \r\n\t\t\t\t\t\t\t\t\tsenderIdentifier=\"@Model.form.senderIdentifier\" \r\n\t\t\t\t\t\t\t\t\tsenderRole=\"@Model.form.senderRole\">\r\n\t@if (Model.form.requestType == \"Reconcile\")\r\n\t{\t\r\n\t\t<fa:Reconcile supplierBillId=\"@Model.form.supplierBillId\">\r\n\t\t@if (Model.form.PaymentNotLoaded == \"Нет\")\r\n\t\t{\r\n\t\t\t@foreach(var elem in Model.form.Payment)\r\n\t\t\t{\r\n\t\t\t<fa:PaymentId>@elem</fa:PaymentId>\r\n\t\t\t}\r\n\t\t}\r\n\t\telse\r\n\t\t{\r\n\t\t\t<fa:PaymentNotLoaded>true</fa:PaymentNotLoaded>\r\n\t\t}\r\n\t\t</fa:Reconcile>\r\n\t}\r\n\t@if (Model.form.requestType == \"AnnulmentReconcile\")\r\n\t{\t\r\n\t\t<fa:AnnulmentReconcile supplierBillId=\"@Model.form.supplierBillId\">\r\n\t\t@if (Model.form.PaymentNotLoaded == \"Нет\")\r\n\t\t{\r\n\t\t\t@foreach(var elem in Model.form.Payment)\r\n\t\t\t{\r\n\t\t\t<fa:PaymentId>@elem</fa:PaymentId>\r\n\t\t\t}\r\n\t\t}\r\n\t\telse\r\n\t\t{\r\n\t\t\t<fa:PaymentNotLoaded>true</fa:PaymentNotLoaded>\r\n\t\t}\r\n\t\t</fa:AnnulmentReconcile>\r\n\t}\r\n\t@if (Model.form.requestType == \"ServiceProvided\")\r\n\t{\r\n\t\t<fa:ServiceProvided>\r\n\t\t@foreach(var elem in Model.form.Payment)\r\n\t\t{\r\n\t\t\t<fa:PaymentId>@elem</fa:PaymentId>\r\n\t\t}\r\n\t\t</fa:ServiceProvided>\t\r\n\t}\r\n\r\n\t@if (Model.form.requestType == \"AnnulmentServiceProvided\")\r\n\t{\r\n\t\t<fa:AnnulmentServiceProvided>\r\n\t\t@foreach(var elem in Model.form.Payment)\r\n\t\t{\r\n\t\t\t<fa:PaymentId>@elem</fa:PaymentId>\r\n\t\t}\r\n\t\t</fa:AnnulmentServiceProvided>\r\n\t}\r\n\t</fa:ForcedAcknowledgementRequest>\r\n}","TemplateSchema":"{\r\n\t\"definitions\": {\r\n\t\t \"form\": {\r\n\t\t\t\"type\": \"object\",\r\n\t\t\t\"title\":\"Данные формы\",\r\n\t\t\t\"properties\": {\r\n\t\t\t\t\"Id\": {\r\n\t\t\t\t\t\"type\": \"string\",\r\n\t\t\t\t\t\"maxLength\":50,\r\n\t\t\t\t\t\"title\":\"Идентификатор запроса\"\t\t\t\t\t\r\n\t\t\t\t},\r\n\t\t\t\t\"timestamp\": {\r\n\t\t\t\t\t\"type\": \"string\",\r\n\t\t\t\t\t\"format\": \"date-time\",\r\n\t\t\t\t\t\"title\":\"Дата и время формирования сообщения\"\r\n\t\t\t\t},\r\n\t\t\t\t\"senderIdentifier\": {\r\n\t\t\t\t\t\"type\": \"string\",\r\n\t\t\t\t\t\"pattern\": \"^[0-9a-fA-F]{6}$\",\r\n\t\t\t\t\t\"title\":\"УРН участника-отправителя сообщения\"\r\n\t\t\t\t},\r\n\t\t\t\t\"senderRole\": {\r\n\t\t\t\t\t\"type\": \"string\",\r\n\t\t\t\t\t\"pattern\": \"[0-9a-fA-F]{1,10}\",\r\n\t\t\t\t\t\"title\":\"Полномочие участника-отправителя сообщения\",\r\n\t\t\t\t\t\"anyOf\":[\r\n\t\t\t\t\t{\r\n\t\t\t\t\t\t\"type\":\"string\",\r\n\t\t\t\t\t\t\"enum\":[\"1\"],\r\n\t\t\t\t\t\t\"title\":\"ГАН (главный администратор доходов бюджета)\"\r\n\t\t\t\t\t},\r\n\t\t\t\t\t{\r\n\t\t\t\t\t\t\"type\":\"string\",\r\n\t\t\t\t\t\t\"enum\":[\"2\"],\r\n\t\t\t\t\t\t\"title\":\"ГАН (орган государственной власти субъектов РФ (орган местного самоуправления)\"\r\n\t\t\t\t\t},\r\n\t\t\t\t\t{\r\n\t\t\t\t\t\t\"type\":\"string\",\r\n\t\t\t\t\t\t\"enum\":[\"3\"],\r\n\t\t\t\t\t\t\"title\":\"АН (администратор доходов бюджета, главный администратор доходов бюджета)\"\r\n\t\t\t\t\t},\r\n\t\t\t\t\t{\r\n\t\t\t\t\t\t\"type\":\"string\",\r\n\t\t\t\t\t\t\"enum\":[\"4\"],\r\n\t\t\t\t\t\t\"title\":\"АН (государственное (муниципальное) учреждение)\"\r\n\t\t\t\t\t},\r\n\t\t\t\t\t{\r\n\t\t\t\t\t\t\"type\":\"string\",\r\n\t\t\t\t\t\t\"enum\":[\"7\"],\r\n\t\t\t\t\t\t\"title\":\"АП (оператор по переводу денежных средств)\"\r\n\t\t\t\t\t},\r\n\t\t\t\t\t{\r\n\t\t\t\t\t\t\"type\":\"string\",\r\n\t\t\t\t\t\t\"enum\":[\"24\"],\r\n\t\t\t\t\t\t\"title\":\"ГАН (орган государственной власти)\"\r\n\t\t\t\t\t},\r\n\t\t\t\t\t{\r\n\t\t\t\t\t\t\"type\":\"string\",\r\n\t\t\t\t\t\t\"enum\":[\"25\"],\r\n\t\t\t\t\t\t\"title\":\"ГАН (оператор системы «Электронный бюджет»)\"\r\n\t\t\t\t\t},\r\n\t\t\t\t\t{\r\n\t\t\t\t\t\t\"type\":\"string\",\r\n\t\t\t\t\t\t\"enum\":[\"27\"],\r\n\t\t\t\t\t\t\"title\":\"АН (орган государственной власти)\"\r\n\t\t\t\t\t},\r\n\t\t\t\t\t{\r\n\t\t\t\t\t\t\"type\":\"string\",\r\n\t\t\t\t\t\t\"enum\":[\"31\"],\r\n\t\t\t\t\t\t\"title\":\"ГАЗ (оператор системы «Электронный бюджет»)\"\r\n\t\t\t\t\t}\r\n\t\t\t\t\t]\r\n\t\t\t\t},\r\n\t\t\t\t\"originatorId\": {\r\n\t\t\t\t\t\"type\": \"string\",\r\n\t\t\t\t\t\"pattern\": \"^[0-9a-fA-F]{6}$\",\r\n\t\t\t\t\t\"title\":\"УРН участника косвенного взаимодействия, сформировавшего запрос\"\r\n\t\t\t\t},\r\n\t\t\t\t\"requestType\": {\r\n\t\t\t\t\t\"type\": \"string\",\r\n\t\t\t\t\t\"title\":\"Запрос информации\",\r\n\t\t\t\t\t\"anyOf\":[\r\n\t\t\t\t\t{\r\n\t\t\t\t\t\t\"type\":\"string\",\r\n\t\t\t\t\t\t\"enum\":[\"Reconcile\"],\r\n\t\t\t\t\t\t\"title\":\"Принудительное квитирование начисления с платежами\"\r\n\t\t\t\t\t},\r\n\t\t\t\t\t{\r\n\t\t\t\t\t\t\"type\":\"string\",\r\n\t\t\t\t\t\t\"enum\":[\"AnnulmentReconcile\"],\r\n\t\t\t\t\t\t\"title\":\"Отмена принудительного квитирования начисления с платежами\"\r\n\t\t\t\t\t},\r\n\t\t\t\t\t{\r\n\t\t\t\t\t\t\"type\":\"string\",\r\n\t\t\t\t\t\t\"enum\":[\"ServiceProvided\"],\r\n\t\t\t\t\t\t\"title\":\"Установление платежу признака \\\"Услуга предоставлена\\\"\"\r\n\t\t\t\t\t},\r\n\t\t\t\t\t{\r\n\t\t\t\t\t\t\"type\":\"string\",\r\n\t\t\t\t\t\t\"enum\":[\"AnnulmentServiceProvided\"],\r\n\t\t\t\t\t\t\"title\":\"Отмена факта установления платежу признака \\\"Услуга предоставлена\\\"\"\r\n\t\t\t\t\t}\r\n\t\t\t\t\t]\r\n\t\t\t\t}\r\n\t\t\t},\r\n\t\t\t\"required\": [\r\n\t\t\t\t\"Id\",\r\n\t\t\t\t\"timestamp\",\r\n\t\t\t\t\"senderIdentifier\",\r\n\t\t\t\t\"senderRole\",\r\n\t\t\t\t\"requestType\"\r\n\t\t\t],\r\n\t\t\t\"dependencies\":{\r\n\t\t\t\t\"requestType\":{\r\n\t\t\t\t\t\"oneOf\":[\r\n\t\t\t\t\t{\r\n\t\t\t\t\t\t\"properties\":{\r\n\t\t\t\t\t\t\t\"requestType\":{\r\n\t\t\t\t\t\t\t\t\"enum\":[\"Reconcile\"]\r\n\t\t\t\t\t\t\t},\r\n\t\t\t\t\t\t\t\"supplierBillId\": {\r\n\t\t\t\t\t\t\t\t\"type\": \"string\",\r\n\t\t\t\t\t\t\t\t\"title\":\"УИН\",\r\n\t\t\t\t\t\t\t\t\"pattern\": \"^[0-9a-fA-F]{20}$|^[0-9]{25}$\"\r\n\t\t\t\t\t\t\t},\r\n\t\t\t\t\t\t\t\"PaymentNotLoaded\": {\r\n\t\t\t\t\t\t\t\t\"type\": \"string\",\r\n\t\t\t\t\t\t\t\t\"enum\":[\"Да\",\"Нет\"],\r\n\t\t\t\t\t\t\t\t\"title\":\"Квитирование с отсутствующим платежом?\"\r\n\t\t\t\t\t\t\t}\r\n\t\t\t\t\t\t},\r\n\t\t\t\t\t\t\"required\":[\r\n\t\t\t\t\t\t\t\"supplierBillId\",\r\n\t\t\t\t\t\t\t\"PaymentNotLoaded\"\r\n\t\t\t\t\t\t],\r\n\t\t\t\t\t\t\"dependencies\":{\r\n\t\t\t\t\t\t\t\"PaymentNotLoaded\":{\r\n\t\t\t\t\t\t\t\t\"oneOf\":[\r\n\t\t\t\t\t\t\t\t{\r\n\t\t\t\t\t\t\t\t\t\"properties\":{\r\n\t\t\t\t\t\t\t\t\t\t\"PaymentNotLoaded\":{\r\n\t\t\t\t\t\t\t\t\t\t\t\"enum\":[\"Нет\"]\r\n\t\t\t\t\t\t\t\t\t\t},\r\n\t\t\t\t\t\t\t\t\t\t\"Payment\":{\r\n\t\t\t\t\t\t\t\t\t\t\t\"type\": \"array\",\r\n\t\t\t\t\t\t\t\t\t\t\t\"title\":\"Перечень идентификаторов платежей\",\r\n\t\t\t\t\t\t\t\t\t\t\t\"minItems\": 1,\r\n\t\t\t\t\t\t\t\t\t\t\t\"maxItems\": 100,\r\n\t\t\t\t\t\t\t\t\t\t\t\"items\": {\r\n\t\t\t\t\t\t\t\t\t\t\t\t\"type\": \"string\",\r\n\t\t\t\t\t\t\t\t\t\t\t\t\"title\":\"УИП\",\r\n\t\t\t\t\t\t\t\t\t\t\t\t\"pattern\": \"^(1[0-9]{15}((0?[1-9]|[12][0-9]|3[01])(0?[1-9]|1[012])[0-9]{4})[0-9]{8}$)|(^2[0-9]{4}0{11}((0?[1-9]|[12][0-9]|3[01])(0?[1-9]|1[012])[0-9]{4})[0-9]{8}$)|(^3[a-f0-9]{6}((0?[1-9]|[12][0-9]|3[01])(0?[1-9]|1[012])[0-9]{4})[0-9]{17}$)\"\r\n\t\t\t\t\t\t\t\t\t\t\t}\r\n\t\t\t\t\t\t\t\t\t\t}\r\n\t\t\t\t\t\t\t\t\t},\r\n\t\t\t\t\t\t\t\t\t\"required\":[\r\n\t\t\t\t\t\t\t\t\t\t\"Payment\"\r\n\t\t\t\t\t\t\t\t\t]\r\n\t\t\t\t\t\t\t\t},\r\n\t\t\t\t\t\t\t\t{\r\n\t\t\t\t\t\t\t\t\t\"properties\":{\r\n\t\t\t\t\t\t\t\t\t\t\"PaymentNotLoaded\": {\r\n\t\t\t\t\t\t\t\t\t\t\t\"enum\":[\"Да\"]\r\n\t\t\t\t\t\t\t\t\t\t}\r\n\t\t\t\t\t\t\t\t\t}\r\n\t\t\t\t\t\t\t\t}\r\n\t\t\t\t\t\t\t\t]\r\n\t\t\t\t\t\t\t}\r\n\t\t\t\t\t\t}\r\n\t\t\t\t\t},\r\n\t\t\t\t\t{\r\n\t\t\t\t\t\t\"properties\":{\r\n\t\t\t\t\t\t\t\"requestType\":{\r\n\t\t\t\t\t\t\t\t\"enum\":[\"AnnulmentReconcile\"]\r\n\t\t\t\t\t\t\t},\r\n\t\t\t\t\t\t\t\"supplierBillId\": {\r\n\t\t\t\t\t\t\t\t\"type\": \"string\",\r\n\t\t\t\t\t\t\t\t\"title\":\"УИН\",\r\n\t\t\t\t\t\t\t\t\"pattern\": \"^[0-9a-fA-F]{20}$|^[0-9]{25}$\"\r\n\t\t\t\t\t\t\t},\r\n\t\t\t\t\t\t\t\"PaymentNotLoaded\": {\r\n\t\t\t\t\t\t\t\t\"type\": \"string\",\r\n\t\t\t\t\t\t\t\t\"enum\":[\"Да\",\"Нет\"],\r\n\t\t\t\t\t\t\t\t\"title\":\"Квитирование с отсутствующим платежом?\"\r\n\t\t\t\t\t\t\t}\r\n\t\t\t\t\t\t},\r\n\t\t\t\t\t\t\"required\":[\r\n\t\t\t\t\t\t\t\"supplierBillId\",\r\n\t\t\t\t\t\t\t\"PaymentNotLoaded\"\r\n\t\t\t\t\t\t],\r\n\t\t\t\t\t\t\"dependencies\":{\r\n\t\t\t\t\t\t\t\"PaymentNotLoaded\":{\r\n\t\t\t\t\t\t\t\t\"oneOf\":[\r\n\t\t\t\t\t\t\t\t{\r\n\t\t\t\t\t\t\t\t\t\"properties\":{\r\n\t\t\t\t\t\t\t\t\t\t\"PaymentNotLoaded\": {\r\n\t\t\t\t\t\t\t\t\t\t\t\"enum\":[\"Нет\"]\r\n\t\t\t\t\t\t\t\t\t\t},\r\n\t\t\t\t\t\t\t\t\t\t\"Payment\":{\r\n\t\t\t\t\t\t\t\t\t\t\t\"type\": \"array\",\r\n\t\t\t\t\t\t\t\t\t\t\t\"title\":\"Перечень идентификаторов платежей\",\r\n\t\t\t\t\t\t\t\t\t\t\t\"minItems\": 1,\r\n\t\t\t\t\t\t\t\t\t\t\t\"maxItems\": 100,\r\n\t\t\t\t\t\t\t\t\t\t\t\"items\": {\r\n\t\t\t\t\t\t\t\t\t\t\t\t\"type\": \"string\",\r\n\t\t\t\t\t\t\t\t\t\t\t\t\"title\":\"УИП\",\r\n\t\t\t\t\t\t\t\t\t\t\t\t\"pattern\": \"^(1[0-9]{15}((0?[1-9]|[12][0-9]|3[01])(0?[1-9]|1[012])[0-9]{4})[0-9]{8}$)|(^2[0-9]{4}0{11}((0?[1-9]|[12][0-9]|3[01])(0?[1-9]|1[012])[0-9]{4})[0-9]{8}$)|(^3[a-f0-9]{6}((0?[1-9]|[12][0-9]|3[01])(0?[1-9]|1[012])[0-9]{4})[0-9]{17}$)\"\r\n\t\t\t\t\t\t\t\t\t\t\t}\r\n\t\t\t\t\t\t\t\t\t\t}\r\n\t\t\t\t\t\t\t\t\t},\r\n\t\t\t\t\t\t\t\t\t\"required\":[\r\n\t\t\t\t\t\t\t\t\t\t\"Payment\"\r\n\t\t\t\t\t\t\t\t\t]\r\n\t\t\t\t\t\t\t\t},\r\n\t\t\t\t\t\t\t\t{\r\n\t\t\t\t\t\t\t\t\t\"properties\":{\r\n\t\t\t\t\t\t\t\t\t\t\"PaymentNotLoaded\": {\r\n\t\t\t\t\t\t\t\t\t\t\t\"enum\":[\"Да\"]\r\n\t\t\t\t\t\t\t\t\t\t}\r\n\t\t\t\t\t\t\t\t\t}\r\n\t\t\t\t\t\t\t\t}\r\n\t\t\t\t\t\t\t\t]\r\n\t\t\t\t\t\t\t}\r\n\t\t\t\t\t\t}\r\n\t\t\t\t\t},\r\n\t\t\t\t\t{\r\n\t\t\t\t\t\t\"properties\":{\r\n\t\t\t\t\t\t\t\"requestType\":{\r\n\t\t\t\t\t\t\t\t\"enum\":[\"ServiceProvided\"]\r\n\t\t\t\t\t\t\t},\r\n\t\t\t\t\t\t\t\"Payment\":{\r\n\t\t\t\t\t\t\t\t\"type\": \"array\",\r\n\t\t\t\t\t\t\t\t\"title\":\"Перечень идентификаторов платежей\",\r\n\t\t\t\t\t\t\t\t\"minItems\": 1,\r\n\t\t\t\t\t\t\t\t\"maxItems\": 100,\r\n\t\t\t\t\t\t\t\t\"items\": {\r\n\t\t\t\t\t\t\t\t\t\"type\": \"string\",\r\n\t\t\t\t\t\t\t\t\t\"title\":\"УИП\",\r\n\t\t\t\t\t\t\t\t\t\"pattern\": \"^(1[0-9]{15}((0?[1-9]|[12][0-9]|3[01])(0?[1-9]|1[012])[0-9]{4})[0-9]{8}$)|(^2[0-9]{4}0{11}((0?[1-9]|[12][0-9]|3[01])(0?[1-9]|1[012])[0-9]{4})[0-9]{8}$)|(^3[a-f0-9]{6}((0?[1-9]|[12][0-9]|3[01])(0?[1-9]|1[012])[0-9]{4})[0-9]{17}$)\"\r\n\t\t\t\t\t\t\t\t}\r\n\t\t\t\t\t\t\t}\r\n\t\t\t\t\t\t},\r\n\t\t\t\t\t\t\t\"required\":[\r\n\t\t\t\t\t\t\t\t\"Payment\"\r\n\t\t\t\t\t\t\t]\t\r\n\t\t\t\t\t},\r\n\t\t\t\t\t{\r\n\t\t\t\t\t\t\"properties\":{\r\n\t\t\t\t\t\t\t\"requestType\":{\r\n\t\t\t\t\t\t\t\t\"enum\":[\"AnnulmentServiceProvided\"]\r\n\t\t\t\t\t\t\t},\r\n\t\t\t\t\t\t\t\"Payment\":{\r\n\t\t\t\t\t\t\t\t\"type\": \"array\",\r\n\t\t\t\t\t\t\t\t\"title\":\"Перечень идентификаторов платежей\",\r\n\t\t\t\t\t\t\t\t\"minItems\": 1,\r\n\t\t\t\t\t\t\t\t\"maxItems\": 100,\r\n\t\t\t\t\t\t\t\t\"items\": {\r\n\t\t\t\t\t\t\t\t\t\"type\": \"string\",\r\n\t\t\t\t\t\t\t\t\t\"title\":\"УИП\",\r\n\t\t\t\t\t\t\t\t\t\"pattern\": \"^(1[0-9]{15}((0?[1-9]|[12][0-9]|3[01])(0?[1-9]|1[012])[0-9]{4})[0-9]{8}$)|(^2[0-9]{4}0{11}((0?[1-9]|[12][0-9]|3[01])(0?[1-9]|1[012])[0-9]{4})[0-9]{8}$)|(^3[a-f0-9]{6}((0?[1-9]|[12][0-9]|3[01])(0?[1-9]|1[012])[0-9]{4})[0-9]{17}$)\"\r\n\t\t\t\t\t\t\t\t}\r\n\t\t\t\t\t\t\t}\r\n\t\t\t\t\t\t},\r\n\t\t\t\t\t\t\t\"required\":[\r\n\t\t\t\t\t\t\t\t\"Payment\"\r\n\t\t\t\t\t\t\t]\t\r\n\r\n\t\t\t\t\t}\r\n\t\t\t\t\t]\r\n\t\t\t\t}\r\n\t\t\t}\r\n\t\t}\r\n\t},\r\n\t\"type\": \"object\",\r\n\t\"title\":\"Прием информации о погашении начисления\",\r\n\t\"properties\": {\r\n\t\t\"requestName\": {\r\n\t\t\t\"type\": \"string\",\r\n\t\t\t\"default\": \"VS00676v002-RKZN02_3T\"\r\n\t\t},\r\n\t\t\"isTest\": {\r\n\t\t\t\"type\": \"boolean\",\r\n\t\t\t\"default\": true,\r\n\t\t\t\"title\":\"Направлять в тестовую среду\"\r\n\t\t},\r\n\t\t\"form\": {\r\n\t\t\t\"$ref\": \"#/definitions/form\"\r\n\t\t}\r\n\t},\r\n\t\"required\": [\r\n\t\t\"requestName\",\r\n\t\t\"isTest\",\r\n\t\t\"form\"\r\n\t]\r\n}\r\n","IsSystem":false,"IsProviderResponse":false,"Transform":"","IsConverter":false,"IsConvertToFile":false,"FileType":null,"ReportName":"VS00676v002-RKZN02_3T.mrt","UiSchem":"{\r\n\t\"requestName\": {\r\n\t\t\"ui:readonly\": true,\r\n\t\t\"ui:title\": \"Тип запроса\",\r\n\t\t\"ui:widget\": \"hidden\"\r\n\t},\r\n\t\"form\":{\r\n\t    \"timestamp\":{\r\n\t        \"ui:widget\":\"datetime\"\r\n\t    }\r\n\t}\r\n}\r\n","XsdSchemas":null,"EndpointId":"fdb3fbfa-cba9-462c-8623-7048436c3fc0","NamespaceUri":null,"RootElementLocalName":null,"Endpoint":null,"RequestXslt":"","IsInternalRequest":false,"RequestProp":"","RequestPropPath":"","AllowLocalRequest":false,"InternalRouteEndpointId":null}